lead_time_days,avg_daily_rate_adr,total_stay_nights,special_requests_count,previous_cancellations_count,booking_channel_score,is_canceled
103,176.063,6,3,1,4,0
349,164.362,4,0,4,4,1
271,105.49,13,5,1,3,0
107,99.896,14,0,2,3,1
72,84.16,12,0,3,4,1
189,82.765,8,2,0,4,0
21,134.128,3,2,1,1,0
103,119.209,13,4,3,1,1
122,95.056,4,0,3,2,1
215,58.049,6,0,1,4,0
331,124.247,11,2,0,3,0
88,101.218,7,2,0,3,0
100,112.188,4,4,1,4,0
360,132.186,4,4,3,2,0
152,35.0,7,1,0,3,0
131,58.669,6,3,1,4,0
150,211.858,13,0,1,4,0
309,99.736,11,0,1,2,1
258,35.0,8,4,3,4,1
344,62.002,1,4,0,3,0
294,219.379,10,1,3,1,1
192,91.88,13,3,2,2,1
277,166.361,11,1,0,4,0
161,124.845,7,3,3,2,1
314,100.601,12,5,0,4,0
22,151.018,7,0,2,1,1
253,35.0,11,1,4,2,1
236,62.355,7,4,1,4,0
345,100.306,7,1,3,1,1
49,66.284,10,5,2,3,0
59,96.769,14,1,2,4,1
170,154.149,10,0,0,1,1
188,125.285,8,5,0,1,0
271,173.225,9,4,1,2,0
190,127.815,9,4,0,4,0
175,159.698,2,2,3,3,0
51,117.437,13,5,3,4,0
364,96.389,13,2,3,1,1
55,179.223,7,2,4,3,1
244,91.626,7,0,3,1,1
320,133.754,4,1,0,2,0
131,150.756,9,4,0,4,0
307,153.66,8,4,3,1,1
135,73.382,12,1,2,1,1
21,162.078,1,4,2,4,0
329,80.842,2,1,2,3,0
167,152.428,13,5,1,1,0
274,141.407,13,0,4,4,1
89,152.745,2,0,3,2,1
316,71.8,12,0,1,2,1
14,143.517,12,1,2,4,1
242,163.424,11,1,3,1,1
265,127.736,8,3,1,4,0
346,87.255,1,4,0,4,0
53,156.79,4,4,2,1,1
340,124.557,10,3,1,3,1
92,53.022,12,3,0,3,0
264,84.152,5,0,2,2,0
35,98.948,9,3,4,3,1
206,180.233,7,1,2,4,1
81,173.207,8,2,4,1,1
50,173.079,14,1,4,2,1
360,129.294,11,3,4,3,1
2,156.544,9,4,3,4,0
54,74.369,13,1,3,2,1
106,120.272,7,4,4,1,1
260,138.065,5,1,0,3,0
310,77.004,13,4,4,4,1
191,128.396,5,5,1,1,0
218,187.466,10,1,4,4,1
44,142.351,11,4,3,4,0
162,156.702,6,2,3,4,0
202,35.0,5,0,1,1,1
270,182.319,13,1,1,2,1
351,112.555,12,2,2,4,1
304,89.253,11,0,0,2,1
271,113.014,9,1,0,2,1
215,60.599,3,2,0,3,0
252,161.918,3,2,3,3,0
190,106.584,7,5,0,2,0
296,90.455,7,2,2,3,1
213,113.278,6,5,2,3,0
208,164.721,3,3,0,2,0
237,125.258,14,4,1,1,1
338,63.612,13,0,2,3,1
53,138.599,7,4,1,3,0
280,82.841,5,4,3,1,1
217,35.0,7,5,2,1,1
252,179.84,2,4,1,1,0
188,138.289,6,2,0,2,1
41,116.869,14,5,3,1,1
157,106.176,8,4,4,2,1
15,175.883,1,5,4,4,0
301,243.486,4,3,0,4,0
65,137.951,11,5,3,1,1
345,78.815,1,1,3,1,1
327,113.821,14,2,3,4,1
9,137.223,1,0,3,2,1
344,35.0,10,1,4,2,1
129,133.38,12,1,1,1,1
136,137.457,14,1,3,1,1
63,173.054,14,4,1,1,1
139,168.885,11,5,3,4,0
81,124.447,8,5,2,3,0
163,180.585,7,4,2,1,1
289,201.427,12,2,2,2,1
261,121.118,10,4,3,3,1
231,136.727,13,4,1,2,1
41,49.308,1,4,4,3,0
28,61.961,11,2,0,4,0
135,86.472,14,2,4,3,1
201,102.255,13,3,3,2,1
328,76.155,2,3,2,3,0
268,118.56,4,3,2,4,0
33,103.452,1,3,1,2,1
48,162.836,3,5,3,1,1
62,101.009,8,1,4,3,1
216,35.0,8,1,3,2,1
293,125.03,8,3,3,3,0
99,119.432,6,3,2,4,0
172,85.518,6,0,4,2,1
360,123.8,5,1,0,1,1
214,76.989,13,0,2,1,1
35,133.194,9,0,4,3,1
227,225.317,4,4,1,4,0
101,47.776,10,5,2,4,0
131,99.35,12,2,1,3,1
257,92.94,12,1,2,2,1
5,102.67,12,3,3,2,1
218,160.797,7,3,4,3,1
255,141.713,1,2,1,2,1
359,153.951,9,1,2,2,1
283,121.22,7,3,1,2,0
207,67.116,10,3,2,3,1
15,75.413,12,4,2,1,1
346,149.85,9,0,0,4,0
42,126.833,7,3,0,1,0
179,170.408,2,5,0,2,0
63,131.73,6,1,1,3,0
352,72.679,10,5,3,4,1
231,99.124,12,2,2,2,1
241,142.593,11,4,4,4,0
52,148.413,4,1,0,4,0
96,154.204,3,4,1,1,0
222,78.059,2,0,1,2,0
231,71.959,6,3,1,4,0
237,112.408,8,1,4,1,1
143,177.603,6,2,4,3,1
171,92.245,9,0,0,4,0
29,138.199,14,0,4,2,1
36,138.202,5,4,0,3,0
13,150.431,2,0,4,4,0
160,186.578,8,1,4,4,1
327,182.476,9,4,4,2,1
187,96.216,14,0,0,4,1
243,36.084,10,2,2,2,1
86,92.859,4,5,0,2,0
284,123.027,6,1,2,2,1
66,105.534,11,2,1,2,0
170,198.716,10,2,1,4,0
45,120.751,8,4,0,3,0
62,146.148,9,3,2,3,0
134,128.689,12,4,2,1,1
284,106.135,5,1,2,2,0
28,43.008,12,1,1,4,1
108,116.855,6,4,0,4,0
44,250.186,11,3,3,1,1
340,70.222,4,4,2,3,0
286,47.405,5,1,2,4,0
331,197.456,7,3,3,1,1
128,149.683,9,1,0,3,0
348,127.497,10,3,2,4,1
231,174.507,11,3,0,2,0
190,86.74,13,4,2,1,1
225,115.736,6,4,4,4,0
283,158.206,14,4,2,1,1
121,204.414,6,3,4,1,1
116,73.258,8,3,0,1,1
233,171.229,11,1,2,2,1
259,135.274,4,2,1,3,0
359,126.522,3,4,1,3,0
198,119.691,14,5,3,4,0
137,64.614,7,1,1,2,0
318,158.524,5,1,4,3,0
165,88.709,2,0,1,4,0
225,76.812,2,4,1,4,0
307,155.418,11,1,1,1,1
234,151.565,6,0,2,2,1
172,123.16,8,5,3,3,0
152,163.182,1,5,0,2,0
315,177.037,11,4,3,2,1
160,172.329,6,3,4,3,0
96,98.869,12,0,2,3,1
233,160.564,2,3,2,2,0
180,128.466,2,5,1,4,0
113,189.036,7,5,1,2,0
318,115.051,10,2,4,3,1
52,105.741,1,2,2,2,0
268,95.448,6,2,0,3,0
295,127.572,14,2,3,4,1
113,138.669,7,1,2,2,1
101,139.438,14,2,0,4,0
113,133.967,8,1,0,2,0
81,146.841,7,1,3,2,1
187,111.098,6,4,0,3,0
113,85.099,9,1,4,1,1
2,81.607,13,1,0,3,0
130,159.002,3,2,4,2,1
220,138.813,11,1,0,1,1
54,45.766,6,3,1,1,0
343,163.87,4,2,0,4,0
224,195.217,2,0,4,2,1
225,91.363,1,2,0,3,0
126,133.446,12,1,0,1,1
130,101.062,12,3,0,1,1
53,145.132,14,2,4,3,1
172,73.36,1,3,0,3,0
218,117.142,11,0,3,1,1
160,159.253,10,5,3,3,0
198,169.428,3,0,4,4,0
247,137.06,4,5,1,1,0
324,106.438,2,4,3,4,0
203,56.296,13,5,2,2,1
184,89.698,12,4,3,4,0
123,101.229,11,2,2,3,1
255,92.091,11,4,4,1,1
294,122.382,14,3,1,4,0
280,106.324,11,4,2,3,1
325,126.885,1,3,2,3,0
98,168.105,4,5,3,4,0
198,103.742,7,5,2,1,0
240,64.685,10,5,4,4,0
144,91.932,11,4,4,2,1
97,143.344,6,5,4,4,0
201,147.118,6,4,3,4,0
124,136.243,11,4,1,1,1
187,172.029,9,1,3,4,0
326,112.545,14,1,4,3,1
349,202.087,2,4,3,1,0
259,152.727,4,3,4,3,1
148,35.0,5,2,0,1,1
252,192.026,1,0,0,2,0
346,89.321,8,1,2,2,1
147,78.636,8,4,1,2,1
148,140.951,6,0,0,4,0
352,50.473,12,1,4,2,1
199,92.181,5,2,3,1,1
308,182.284,8,3,3,2,1
128,142.249,3,4,2,1,0
39,152.49,3,2,3,3,0
338,93.724,2,1,0,4,0
360,58.465,5,4,3,3,0
129,148.273,3,0,0,3,0
267,157.21,3,5,0,2,0
151,155.4,6,3,1,2,0
298,128.363,8,1,2,2,1
99,81.317,2,3,4,3,1
263,217.511,4,4,0,4,0
252,139.191,11,5,2,4,0
144,113.045,7,2,4,3,0
346,113.222,1,3,3,4,0
112,125.984,1,0,2,3,0
60,162.784,12,1,2,3,1
2,127.585,13,0,2,4,1
304,154.341,10,3,3,1,1
254,126.056,7,5,3,1,1
140,115.506,14,2,2,2,1
37,145.65,7,2,1,4,0
160,144.131,1,0,0,2,0
9,113.215,1,4,3,3,0
233,90.032,4,4,1,1,0
99,133.669,5,5,3,4,0
147,123.134,5,2,2,4,0
304,97.805,4,0,1,4,0
208,86.304,8,0,4,1,1
131,136.419,7,0,0,2,0
152,142.004,9,3,0,1,0
54,105.599,7,5,3,2,0
120,96.803,10,4,0,3,0
161,86.79,1,4,4,3,1
116,135.29,13,3,1,2,0
75,87.841,14,1,1,3,1
113,209.645,7,3,2,3,0
104,103.589,1,5,1,4,0
340,35.0,7,0,3,4,1
254,118.793,10,3,4,1,1
227,117.079,8,0,2,1,1
112,164.469,11,5,3,1,0
99,131.525,9,5,3,4,0
153,86.647,12,2,3,1,1
349,108.544,3,0,0,1,1
338,133.097,4,4,3,4,0
194,35.0,4,3,0,2,0
310,173.545,12,5,1,4,0
163,86.753,9,0,0,2,0
208,176.682,13,1,3,4,0
169,135.699,7,2,4,1,1
161,145.184,3,1,4,3,0
68,165.977,10,5,1,3,0
289,142.925,5,1,3,2,1
277,146.915,7,1,0,2,0
304,113.423,8,2,4,2,1
135,134.887,1,2,2,3,0
195,96.5,12,2,3,2,1
128,106.264,2,2,3,4,0
33,198.588,7,1,2,4,0
176,87.672,11,4,4,3,1
22,126.173,13,4,2,4,0
238,124.539,14,2,1,2,1
158,107.57,13,3,0,3,0
38,140.576,2,0,0,2,0
230,143.589,7,5,4,4,0
365,82.967,9,3,2,2,1
51,124.054,11,5,3,3,0
264,76.705,2,3,3,2,1
283,151.542,7,3,3,4,0
27,127.059,4,4,1,1,0
226,123.293,11,0,1,3,1
277,146.361,13,3,3,2,1
286,108.98,2,2,4,3,0
97,156.561,13,5,1,2,0
284,82.062,7,4,1,1,1
317,176.475,13,5,0,4,0
304,97.964,5,2,0,2,1
147,52.153,1,2,4,2,1
4,106.859,5,3,1,1,0
35,102.321,12,2,1,3,0
192,106.557,12,0,2,4,0
49,129.266,3,2,4,2,1
17,163.914,7,3,4,2,1
172,112.332,6,5,2,4,0
220,92.335,8,2,2,1,1
158,74.938,13,4,0,3,0
46,101.273,5,4,4,4,0
6,44.487,2,4,4,3,1
99,90.995,9,5,2,1,1
233,169.762,14,1,3,1,1
37,87.066,11,4,3,4,0
280,145.149,8,4,0,2,0
349,70.941,6,1,3,1,1
302,190.844,13,5,3,1,1
181,193.504,10,4,3,4,0
95,143.641,7,3,1,4,0
99,199.65,9,5,0,4,0
188,134.232,7,4,2,1,1
116,150.741,3,4,3,3,0
191,170.477,6,1,1,1,1
253,127.189,11,3,3,4,0
161,57.905,13,5,1,2,1
256,151.559,11,2,0,2,0
323,101.126,7,0,3,4,1
128,104.099,2,3,1,2,1
18,131.916,3,2,4,1,1
281,142.651,4,3,4,3,1
223,126.005,10,2,1,1,1
54,145.429,6,2,3,4,0
58,91.726,1,3,3,1,1
323,118.292,9,1,0,2,0
360,153.963,5,3,0,1,0
174,190.912,13,3,2,3,1
280,205.057,12,2,0,2,0
114,137.319,14,0,3,3,1
288,153.6,7,2,2,3,1
342,199.263,9,4,0,3,0
151,93.167,9,3,1,1,1
127,145.188,1,5,4,1,1
155,150.734,1,3,0,1,0
273,177.914,3,1,0,1,0
104,74.514,6,5,1,2,0
299,82.424,2,2,3,1,1
246,120.855,10,1,1,2,1
176,135.109,12,3,0,3,0
39,164.915,11,2,3,2,1
170,140.702,1,2,2,4,0
247,113.943,1,4,0,1,0
26,136.658,13,4,1,4,0
355,132.042,5,0,2,2,1
306,189.801,4,4,4,1,1
13,126.626,1,5,2,4,0
316,104.677,4,2,1,1,1
313,137.984,3,4,2,2,0
36,127.939,2,0,1,4,0
173,57.16,9,3,0,2,0
20,119.374,14,5,3,4,1
321,115.97,11,4,4,3,1
264,98.245,1,2,3,3,1
142,161.423,7,3,3,3,0
143,88.573,14,2,3,3,1
92,138.225,13,3,1,3,0
354,114.086,4,5,1,2,0
322,124.308,5,2,4,3,1
288,136.471,10,4,1,2,0
215,67.697,5,4,1,3,0
342,127.666,1,0,1,1,1
51,211.558,6,3,1,3,0
153,57.729,13,0,0,1,1
186,117.696,9,1,4,2,1
63,164.93,2,4,1,3,0
190,132.065,7,3,4,4,0
125,147.519,6,5,2,2,1
150,35.0,5,0,0,3,0
314,143.93,4,5,1,2,0
58,89.532,4,5,0,4,0
342,132.395,6,5,0,3,0
305,118.823,4,0,2,4,0
180,211.133,5,1,4,3,0
170,141.868,13,0,0,1,1
326,115.495,6,2,3,2,1
271,59.612,5,4,2,4,0
54,124.846,7,0,3,2,1
101,152.929,9,0,2,4,0
264,116.778,10,1,3,2,1
53,99.774,7,2,3,2,1
60,97.097,7,0,0,2,1
108,141.406,4,4,0,1,0
5,150.376,1,4,2,3,0
103,174.448,14,0,4,1,1
196,80.2,8,5,0,2,0
262,141.039,4,5,0,4,0
365,115.132,1,2,1,2,0
350,116.311,5,4,0,3,0
47,136.073,14,5,4,1,1
355,136.306,14,4,1,3,0
311,141.151,8,2,3,4,0
308,77.701,4,2,3,3,1
144,90.008,13,5,1,1,1
269,179.435,12,0,1,4,0
124,111.177,8,3,1,3,0
106,132.241,8,1,2,1,1
158,162.187,3,3,4,1,1
147,138.538,9,3,4,2,1
145,141.861,3,4,3,3,0
120,155.783,1,2,3,4,0
319,35.333,2,4,3,2,1
275,100.402,6,5,0,3,0
92,138.744,12,1,3,3,1
58,175.506,10,5,1,4,0
346,122.644,2,0,3,2,1
229,86.211,6,1,1,2,1
117,87.277,14,4,2,4,0
318,155.354,1,4,0,2,0
279,111.289,11,5,0,1,0
127,119.712,13,4,4,4,0
129,144.601,1,4,2,3,0
58,35.0,5,3,1,4,0
122,200.015,10,0,2,1,1
1,90.757,13,3,0,4,0
239,129.677,11,4,1,3,0
290,51.812,9,2,2,3,0
96,103.098,14,3,0,4,0
126,169.788,8,4,1,4,0
118,43.353,3,4,1,1,1
48,165.048,3,0,0,1,1
89,109.052,1,5,1,3,0
237,139.487,14,1,0,2,1
272,146.301,3,3,3,2,1
189,137.657,14,3,3,2,1
192,85.402,12,3,1,2,1
69,105.418,12,4,1,3,0
278,61.538,12,0,0,2,1
349,139.672,13,4,1,2,1
247,188.082,11,4,4,4,0
76,47.022,1,5,3,2,0
154,89.534,8,2,1,4,0
144,112.729,1,0,1,3,0
86,126.934,5,3,2,4,0
185,155.167,9,1,1,1,1
285,113.912,7,3,4,4,1
220,107.362,4,4,3,2,0
69,164.125,11,0,2,4,0
47,146.48,9,0,0,4,0
94,141.559,9,0,0,3,0
238,124.501,2,2,3,3,0
204,159.326,10,3,0,2,0
218,93.748,10,2,4,1,1
341,88.292,11,5,1,1,1
39,149.844,12,1,3,4,0
100,54.999,6,5,2,1,1
289,123.687,4,4,1,3,0
254,107.338,8,2,0,2,0
222,63.77,12,2,0,2,1
357,82.749,11,5,2,3,0
23,115.641,7,4,4,2,0
250,161.359,7,0,2,4,0
10,93.882,11,4,3,2,1
246,168.535,10,3,2,1,0
325,122.527,9,5,0,2,0
100,172.415,13,4,4,2,1
290,95.82,5,0,4,3,1
180,118.048,6,4,2,3,0
223,134.739,1,2,3,1,1
250,112.82,6,1,0,3,0
147,158.121,2,2,1,1,0
96,35.0,6,1,4,4,1
257,216.896,9,4,2,1,1
325,154.311,8,3,3,2,1
4,113.059,9,4,3,1,1
16,97.907,13,0,0,4,0
280,85.343,10,4,4,2,1
336,145.825,8,1,0,1,1
247,159.799,3,2,1,3,0
258,113.499,8,3,1,3,0
160,164.28,6,4,1,3,0
340,83.71,13,4,3,1,1
152,76.648,6,2,4,1,1
178,192.534,6,3,0,4,0
163,143.644,3,5,0,2,0
33,175.874,10,4,1,2,0
179,85.842,1,4,4,2,0
101,83.059,12,5,4,2,1
268,105.656,14,1,2,1,1
323,87.038,4,1,4,1,1
65,148.215,10,0,4,4,1
168,89.955,12,2,0,2,0
330,73.133,6,3,4,1,1
43,125.681,11,4,4,1,1
44,68.401,12,4,0,1,1
285,48.021,10,0,4,1,1
12,125.33,2,4,0,2,0
95,50.031,7,2,2,2,1
302,151.011,7,0,3,1,1
253,64.187,11,2,0,3,0
242,35.0,4,0,0,4,0
35,108.248,4,4,4,2,1
215,125.784,1,0,0,2,0
337,139.659,13,1,1,3,1
90,126.881,2,3,1,2,0
264,77.627,9,4,2,3,0
93,148.522,10,5,0,3,0
90,158.406,8,3,4,1,1
115,71.77,8,4,4,2,1
105,112.76,9,3,3,4,0
196,109.022,7,1,2,3,1
314,128.815,13,3,4,4,1
114,111.803,9,0,3,1,1
75,117.285,10,3,4,2,1
217,145.673,12,4,3,1,1
277,75.446,2,5,1,1,1
249,149.495,6,5,1,4,0
164,165.645,3,2,4,4,0
357,185.365,11,3,2,3,0
192,35.0,6,5,0,2,0
227,112.684,3,3,2,1,1
177,41.396,8,5,2,3,0
99,35.0,11,3,0,3,0
36,125.764,13,4,1,1,1
96,104.034,4,3,1,1,0
152,131.994,12,4,0,3,0
151,139.445,10,4,3,1,1
190,169.916,6,2,2,1,1
224,122.157,9,5,4,4,1
37,236.934,2,0,1,2,0
268,132.256,2,4,4,3,1
183,193.699,7,5,0,1,0
13,35.0,2,1,4,3,1
279,173.99,2,3,4,2,0
217,112.77,4,1,2,3,0
355,42.066,9,3,0,3,0
361,136.822,8,2,4,3,1
286,107.882,2,4,1,4,0
273,143.202,8,0,0,2,1
62,160.443,4,4,1,2,0
84,60.434,2,3,3,3,0
217,160.597,11,0,4,3,1
342,120.259,10,4,0,2,0
187,174.114,7,0,1,1,1
19,111.794,6,3,4,4,0
177,101.184,14,2,2,2,1
100,121.082,10,2,1,3,1
233,124.074,5,4,1,1,0
76,93.489,11,1,3,1,1
265,100.148,1,3,2,1,0
284,70.925,2,4,3,4,0
206,102.614,8,4,2,4,0
223,147.052,1,2,1,2,0
52,114.506,3,0,3,2,1
339,160.363,2,3,4,2,1
144,112.583,5,0,2,2,1
69,62.739,4,5,1,3,0
99,143.891,13,5,0,4,0
25,93.055,7,3,2,1,1
53,110.665,5,1,2,3,0
151,169.503,8,5,4,2,1
144,73.565,4,2,2,2,1
57,126.59,12,1,2,3,1
39,118.379,6,4,4,1,1
109,148.037,4,5,4,4,0
181,154.206,2,2,3,4,0
42,130.554,1,4,1,1,0
186,105.585,14,1,1,4,0
223,138.935,14,3,3,2,1
122,173.426,1,4,1,2,0
133,118.908,8,0,2,2,1
163,109.31,14,3,3,2,1
215,135.527,4,3,3,1,1
221,121.549,5,1,1,4,0
235,66.492,11,1,0,4,0
331,129.573,8,2,1,3,0
146,66.13,12,2,0,1,1
239,134.979,7,0,3,4,1
76,88.114,13,3,0,4,0
9,121.475,8,0,2,3,1
74,135.624,13,0,4,2,1
253,218.156,8,1,0,4,0
230,149.71,6,0,4,2,1
7,174.592,10,0,2,3,0
174,194.87,2,4,4,4,0
141,139.57,6,2,2,2,1
168,131.428,14,2,4,1,1
170,77.331,1,3,4,2,1
283,115.335,1,2,1,2,0
122,91.076,11,5,0,2,0
194,103.958,3,3,4,2,0
5,194.827,3,4,3,1,0
29,124.585,11,2,1,3,1
165,84.964,13,4,0,2,1
339,174.981,5,2,1,2,0
136,158.211,1,2,0,4,0
365,160.306,10,4,2,4,0
321,39.755,6,0,4,1,1
342,197.947,7,0,3,1,1
145,97.659,10,0,1,1,1
327,151.118,12,5,1,4,0
217,220.952,13,0,1,2,1
301,206.213,11,2,1,4,0
132,80.898,3,1,4,3,1
292,62.219,4,4,0,1,0
70,177.214,10,1,4,1,1
252,125.682,11,5,2,1,1
275,99.965,10,1,4,3,1
364,144.849,14,3,4,2,1
182,113.485,12,0,2,2,1
167,148.053,10,5,4,2,0
91,122.679,14,2,0,1,1
202,148.896,10,0,3,2,1
346,84.219,10,0,2,4,1
19,176.978,3,1,1,1,1
39,147.905,1,3,0,3,0
126,145.852,8,0,3,3,1
173,75.293,13,4,0,2,0
141,187.985,10,4,0,1,0
242,119.451,10,0,1,4,0
220,149.122,2,1,3,4,0
126,107.087,1,1,0,1,0
58,130.436,14,2,1,2,0
148,131.885,8,5,2,3,0
317,35.0,7,5,1,3,0
361,143.298,7,5,4,4,0
1,198.614,4,3,1,4,0
348,141.591,11,1,1,4,1
190,81.692,9,2,1,3,1
191,145.998,6,4,0,4,0
312,162.379,2,5,3,3,0
117,140.499,14,4,1,3,0
134,117.035,1,4,1,2,0
58,110.314,1,0,4,2,1
44,110.148,9,3,4,2,1
173,147.911,4,2,2,4,0
160,63.715,5,3,2,3,1
173,105.125,3,0,4,4,1
317,183.824,4,2,3,3,1
303,185.368,12,2,2,2,1
149,60.874,8,1,3,2,1
80,74.743,13,3,4,4,1
213,109.175,4,3,2,3,0
203,155.704,9,1,1,4,0
252,46.901,9,4,4,1,1
229,117.808,6,0,2,4,0
164,101.033,2,3,3,2,0
227,173.039,12,1,3,3,1
147,52.924,10,2,2,3,1
20,123.702,11,5,3,4,0
47,104.256,7,1,2,2,1
233,178.792,9,5,2,1,1
305,143.906,6,4,3,4,1
14,96.567,3,0,0,3,1
143,154.135,14,5,1,2,0
1,104.447,7,4,4,3,1
54,159.973,5,5,1,3,0
259,110.517,1,2,4,3,1
144,162.187,3,2,4,3,0
12,137.443,5,2,1,1,1
330,250.42,7,2,2,2,0
224,117.884,3,1,3,4,1
272,135.314,6,2,0,2,0
358,100.823,5,2,0,2,0
156,120.107,13,1,0,2,0
8,35.0,1,2,1,4,0
122,138.623,10,4,1,2,0
348,173.715,6,4,2,4,0
164,135.865,14,3,0,4,0
90,67.446,8,4,2,1,1
136,87.929,13,0,0,3,1
186,35.0,13,0,1,4,0
316,159.157,1,0,3,3,0
178,79.739,2,1,3,2,1
28,118.852,14,4,3,3,0
220,113.85,4,0,3,3,1
357,179.509,12,3,4,3,0
41,123.411,2,1,0,2,0
228,152.356,11,3,3,2,1
192,141.859,9,4,4,4,1
145,174.376,10,2,4,4,1
201,110.435,8,3,4,1,1
212,194.785,8,2,2,2,1
220,40.574,4,1,2,1,1
240,154.299,5,3,4,2,1
46,85.335,4,3,3,3,0
35,100.29,13,5,0,1,0
253,142.777,9,1,1,1,0
82,142.456,13,1,2,1,1
256,144.257,2,0,3,2,1
197,64.554,13,4,3,4,0
303,177.961,11,3,1,1,0
10,83.974,8,3,1,4,0
312,89.309,2,1,3,2,1
286,145.516,1,1,1,1,0
242,108.531,10,4,3,2,1
251,132.33,3,1,1,4,0
365,35.0,9,2,1,4,1
5,131.373,12,2,3,1,1
119,128.713,3,5,4,4,0
289,99.606,9,2,3,3,1
65,37.037,7,2,0,3,0
146,111.488,13,4,1,1,1
224,118.505,10,3,2,2,1
239,105.311,1,2,1,2,0
177,46.553,10,5,0,2,0
267,183.789,5,1,2,3,0
341,94.446,9,2,2,4,0
282,111.112,12,5,3,3,1
63,35.0,3,4,4,4,0
217,183.794,9,1,3,3,1
342,101.338,5,5,2,2,1
315,123.939,9,2,2,2,1
283,164.829,10,3,4,2,1
177,92.948,6,1,1,1,1
98,158.53,9,1,4,1,1
105,37.547,7,3,3,4,1
99,142.039,7,1,1,1,1
311,182.89,8,2,3,3,1
6,96.783,7,1,4,3,1
197,164.755,12,2,1,4,0
351,193.357,9,3,4,4,1
133,109.806,11,0,0,2,1
358,106.499,9,3,2,1,1
259,84.068,6,2,1,2,0
23,99.611,7,4,2,1,1
53,87.386,2,3,0,1,0
165,84.036,9,4,1,4,0
202,167.953,12,4,2,2,1
83,88.403,13,2,2,2,1
145,130.341,1,2,1,1,1
85,121.529,1,0,2,1,1
78,179.924,3,5,2,4,0
1,99.874,12,1,1,3,1
51,135.246,6,3,2,2,0
173,151.643,5,2,2,2,0
205,179.59,2,3,3,4,0
260,99.29,9,5,3,4,0
288,95.284,14,5,0,2,0
34,77.529,13,4,3,2,1
348,209.452,10,1,3,1,1
95,175.379,14,0,0,3,0
72,118.312,4,3,2,2,0
39,197.258,4,1,2,4,0
154,115.925,5,0,3,1,1
250,148.976,8,3,0,1,0
162,120.407,10,1,2,4,1
118,135.912,4,2,4,4,0
259,131.67,5,3,1,1,1
306,103.001,12,1,1,4,0
268,163.7,4,5,1,1,0
54,148.638,14,0,3,4,1
236,161.108,6,1,1,1,1
222,132.809,12,2,1,2,1
251,83.737,3,3,4,2,0
313,188.375,8,3,2,4,0
112,109.498,6,3,4,3,1
255,134.563,10,2,3,2,1
303,145.415,5,0,1,1,1
207,134.297,13,3,2,3,1
229,156.617,2,0,1,1,1
341,162.935,10,1,1,1,1
66,111.007,10,5,3,2,1
75,185.019,7,5,1,4,0
103,109.324,2,0,0,4,0
192,133.47,1,0,2,1,1
252,104.493,7,5,2,2,1
226,93.061,5,3,0,1,0
294,161.768,1,4,3,3,1
306,244.876,4,4,1,1,0
98,105.53,12,2,1,2,1
338,168.613,13,5,2,1,1
286,106.964,4,5,3,2,0
335,119.581,10,2,3,4,1
347,190.303,7,4,3,2,1
308,77.059,9,1,1,3,0
249,66.474,2,3,3,2,0
166,116.512,12,3,0,3,1
335,146.546,14,1,4,3,1
30,138.547,1,1,3,1,1
247,134.427,2,4,4,3,1
106,121.365,7,2,1,2,1
51,151.462,13,1,3,4,1
81,35.0,10,2,2,2,1
133,89.968,6,0,1,4,0
285,116.256,4,3,0,3,0
138,148.181,1,4,0,1,0
184,179.591,13,3,4,3,1
330,84.596,1,4,4,3,1
273,178.283,5,0,2,4,0
340,101.898,1,3,2,2,1
69,114.804,12,0,0,1,1
34,143.257,7,4,3,1,1
262,111.871,13,1,0,1,1
53,164.405,11,3,0,1,1
205,103.816,1,0,2,2,1
126,104.419,1,5,4,1,0
235,162.079,2,3,2,4,0
43,89.475,13,3,2,4,1
240,129.957,14,3,2,1,1
111,53.581,11,2,0,1,1
249,192.786,12,0,3,2,1
151,168.262,10,0,0,2,1
183,230.004,3,3,1,1,0
336,173.535,13,1,2,2,1
95,74.814,11,3,2,3,0
8,146.746,1,2,1,1,0
360,83.28,9,4,2,2,1
184,183.122,10,2,2,4,0
281,75.954,8,1,2,1,1
195,74.034,5,3,1,1,1
352,55.608,13,0,0,4,0
195,100.465,11,5,2,4,0
155,92.421,2,3,3,2,1
93,69.534,5,1,1,4,0
160,199.592,6,0,4,3,0
61,141.195,14,2,1,1,1
122,136.489,1,4,0,3,0
51,183.567,11,4,1,2,0
277,130.25,4,3,4,4,1
5,90.053,9,2,3,1,1
92,51.992,2,5,4,4,0
170,87.798,5,5,1,4,0
317,180.217,1,1,4,2,1
22,69.787,4,4,1,2,0
326,134.125,4,2,3,2,1
1,161.357,6,3,3,2,0
133,131.414,10,0,0,1,1
233,135.959,9,3,3,3,1
12,146.224,3,3,2,3,0
346,135.171,9,2,4,1,1
46,184.363,6,4,4,4,0
34,78.388,7,2,1,1,1
78,129.617,12,0,3,3,1
218,47.27,10,2,0,3,0
301,37.05,2,1,0,1,1
73,116.733,11,3,0,2,0
282,141.735,10,4,2,4,0
249,185.227,14,5,3,1,1
47,216.792,6,0,0,3,0
121,172.794,6,5,2,2,0
214,149.087,2,3,4,4,0
239,126.399,2,2,1,3,0
56,58.751,14,5,3,4,1
350,114.159,2,1,3,2,1
107,171.615,10,2,4,3,1
319,155.931,12,3,3,2,1
48,68.547,1,5,3,1,1
61,144.561,5,0,3,1,1
337,141.136,8,5,3,4,0
26,133.996,2,5,2,2,0
292,118.886,13,4,2,2,1
257,146.623,5,5,1,4,0
8,147.893,12,3,3,4,0
113,94.342,8,0,4,4,1
355,138.201,10,3,0,1,0
253,112.424,14,1,1,4,1
180,60.511,5,2,0,1,1
207,97.536,2,5,0,4,0
303,57.452,3,4,3,2,1
127,159.204,6,0,4,2,1
56,134.236,11,4,0,4,0
214,105.78,11,4,0,4,0
14,176.821,5,4,1,1,1
28,122.72,11,5,4,3,1
78,62.751,4,0,4,1,1
216,102.421,4,0,0,2,1
365,185.314,5,4,4,4,0
154,93.221,2,2,1,2,1
14,131.009,9,5,1,3,0
187,149.755,2,5,1,1,0
312,143.598,10,3,3,2,1
7,217.978,2,5,0,1,0
3,72.948,10,4,4,4,0
111,76.941,14,1,1,2,1
238,73.61,9,4,0,3,0
363,108.163,14,0,0,1,1
239,163.975,3,5,3,1,1
274,78.731,10,5,4,3,1
294,164.534,7,3,4,2,1
227,121.405,4,1,1,2,0
15,75.64,13,5,1,1,1
192,49.945,13,3,0,3,1
119,58.897,6,3,4,1,1
28,93.366,14,1,4,1,1
202,113.234,4,4,1,4,0
39,173.843,10,4,2,2,0
273,151.964,7,4,0,2,0
231,86.442,1,2,4,4,0
86,136.347,3,4,3,2,0
126,186.062,13,1,3,2,1
300,194.957,3,2,2,2,0
25,107.424,1,4,1,3,0
145,158.332,6,2,1,4,0
13,175.598,13,1,1,1,1
212,59.717,11,4,3,3,1
25,99.504,14,0,1,1,1
68,208.801,9,5,3,4,0
67,107.959,8,1,2,4,0
233,35.0,11,3,0,4,0
109,115.162,7,3,4,2,1
146,164.985,10,1,2,3,1
111,120.26,8,3,3,4,0
228,148.615,6,1,2,1,1
111,157.529,9,0,4,2,1
34,105.803,3,1,0,2,0
111,99.224,10,4,4,3,0
264,126.138,10,4,3,3,1
236,127.111,9,2,4,3,1
83,122.163,4,3,2,2,1
42,123.806,7,5,1,4,0
101,90.058,13,3,2,1,1
6,150.011,9,1,3,4,0
180,143.969,2,5,0,1,0
282,66.56,2,5,4,4,0
320,104.434,9,3,0,3,0
226,123.723,12,5,3,1,1
315,98.627,13,5,4,2,1
365,145.495,3,4,2,1,1
229,117.325,9,0,2,2,1
289,126.763,13,1,3,4,0
150,103.972,5,3,4,3,0
277,40.271,6,4,2,1,1
198,37.986,2,2,3,2,1
70,143.584,8,5,3,4,0
112,130.676,11,5,0,3,0
4,137.546,9,3,2,3,0
350,125.379,2,0,4,3,1
331,128.583,6,0,2,4,0
318,158.761,6,3,2,4,0
350,137.785,8,3,2,4,0
95,161.636,10,4,3,3,0
152,126.858,12,3,1,1,1
311,107.985,5,2,1,2,1
137,127.768,9,4,0,4,0
247,86.553,1,5,2,1,1
243,104.806,9,5,1,2,1
31,127.103,10,5,0,3,0
40,126.573,7,5,3,1,1
229,115.743,4,1,2,3,0
36,64.473,3,2,4,2,1
223,145.456,14,4,3,4,0
6,153.369,10,4,0,3,0
322,185.748,11,5,3,1,1
220,137.671,14,0,4,4,1
75,120.058,6,4,3,1,1
4,79.479,12,2,0,2,0
335,179.681,13,3,4,2,1
134,129.913,1,2,4,4,0
118,127.735,3,5,3,1,1
94,109.838,2,5,4,1,1
62,107.281,11,1,3,1,1
194,147.531,13,4,2,1,1
335,79.142,9,4,4,2,1
203,185.017,3,4,3,1,1
26,176.301,13,5,2,2,0
173,105.838,2,4,4,1,1
300,85.445,4,0,2,1,1
133,39.392,14,0,4,3,1
326,69.943,2,3,0,3,0
118,149.196,1,4,0,1,0
324,132.614,6,1,3,2,1
275,139.746,10,3,1,1,1
212,46.177,8,5,0,3,0
225,104.167,10,4,1,1,1
20,174.691,10,0,2,3,1
113,116.159,2,1,2,1,1
140,69.108,14,3,1,4,0
47,115.536,9,1,3,1,1
1,89.159,13,4,4,2,1
90,133.347,3,2,1,3,0
142,120.822,8,1,1,4,0
320,141.732,12,1,1,3,0
38,71.283,8,5,1,3,0
293,102.051,3,0,1,2,1
139,163.617,3,4,3,1,0
356,65.829,12,1,0,2,1
333,79.876,6,4,4,1,1
259,127.972,1,0,0,4,0
161,131.469,4,5,1,2,0
178,100.446,1,4,0,2,0
10,108.863,14,0,3,3,1
261,141.329,3,0,2,2,0
138,153.985,9,3,0,1,0
172,77.231,14,5,4,2,1
13,134.573,14,5,3,2,1
168,180.481,5,4,2,4,0
130,115.364,12,2,3,1,1
84,76.806,5,3,1,3,0
321,74.956,11,5,2,1,1
319,113.571,4,0,4,4,0
101,161.434,3,5,2,1,0
329,118.37,5,2,4,1,1
273,127.569,14,1,1,2,1
265,80.146,11,1,4,2,1
38,159.325,4,5,3,1,0
94,74.174,8,5,0,1,0
95,99.82,4,3,3,3,0
305,145.197,11,5,3,4,0
69,38.423,12,2,2,2,1
318,126.958,8,5,1,2,0
236,78.437,6,4,0,2,0
334,120.662,14,2,4,2,1
137,105.918,12,3,2,1,1
76,204.233,11,4,1,1,0
35,104.275,5,4,0,3,0
1,193.706,4,1,3,2,0
296,143.478,4,2,1,2,0
320,87.942,12,4,1,1,1
60,133.232,4,3,1,3,0
320,107.824,11,1,3,1,1
349,129.686,13,4,4,2,1
328,91.444,13,2,2,2,1
267,187.607,9,1,4,4,1
361,157.016,4,2,0,4,0
229,121.271,12,2,2,4,0
270,189.165,9,2,0,3,0
316,122.971,13,1,3,1,1
286,163.905,10,4,4,2,1
291,121.532,6,5,1,2,0
213,135.756,10,0,2,3,1
165,116.742,13,4,1,2,0
5,123.812,7,1,0,2,1
339,126.821,12,0,1,1,1
78,93.211,10,0,1,4,0
62,103.957,3,0,3,4,0
132,111.33,8,5,3,3,0
89,129.188,3,3,4,4,1
237,118.777,1,1,0,4,0
42,166.921,13,5,3,3,1
89,153.885,13,5,3,3,0
296,112.147,10,3,4,4,1
328,175.271,12,0,2,1,1
295,194.921,5,3,4,3,1
104,38.247,2,3,1,2,0
14,157.292,10,5,1,3,0
288,92.281,14,1,3,2,1
179,152.03,6,2,3,3,0
125,169.53,13,3,4,3,1
353,84.92,10,3,4,4,1
23,45.907,9,0,0,4,1
63,153.417,1,0,1,4,0
143,125.416,14,5,4,1,1
153,53.262,13,0,2,4,1
145,221.183,4,4,0,4,0
225,144.977,1,3,4,3,0
309,146.804,1,0,3,3,1
104,174.633,8,1,4,1,1
104,96.767,14,4,3,2,1
39,125.218,14,5,3,3,0
198,67.227,13,2,1,3,1
134,95.682,14,3,1,2,1
67,135.426,11,3,4,1,1
179,53.389,2,1,4,3,1
42,94.548,1,2,2,4,0
15,82.883,11,2,0,1,1
111,125.684,8,5,0,2,0
157,142.988,4,5,4,2,0
289,149.686,3,4,1,4,0
231,159.953,13,3,2,4,0
157,174.885,12,0,0,4,0
38,144.29,4,5,4,1,0
97,195.493,14,1,1,2,1
289,124.78,11,1,1,4,0
254,113.067,5,1,1,4,0
196,144.292,1,5,3,2,0
86,111.344,14,5,1,3,0
322,194.103,11,1,4,1,1
10,165.239,1,5,2,3,0
5,150.011,3,0,4,4,0
123,125.257,6,0,1,1,1
330,103.701,1,4,2,3,0
353,148.053,14,3,0,2,1
118,74.916,11,0,0,4,0
294,181.375,12,4,4,1,1
159,112.895,2,2,2,1,0
303,132.204,12,3,4,1,1
228,83.616,14,0,2,1,1
365,148.919,7,2,2,4,0
216,101.85,14,4,4,4,1
184,145.969,14,0,2,2,1
15,150.296,1,0,1,2,0
157,94.095,13,5,2,2,0
136,75.059,14,2,2,3,1
261,181.276,7,0,4,2,1
157,112.308,4,1,0,4,0
47,128.994,10,5,3,3,0
324,139.419,14,5,2,4,0
332,69.852,6,0,3,3,1
173,138.507,14,5,2,2,1
130,123.965,8,3,4,2,1
95,94.259,9,2,4,2,1
115,73.739,6,3,2,3,1
243,144.235,12,4,4,4,0
292,165.108,11,3,4,1,1
282,127.144,13,1,2,4,1
299,62.621,14,5,0,2,0
283,77.707,9,5,2,3,0
69,102.715,4,1,0,3,0
148,182.585,6,5,4,2,0
11,110.13,8,3,0,3,0
254,101.257,9,4,4,2,1
330,53.061,3,0,0,4,0
360,93.733,2,1,0,3,0
38,70.683,6,3,2,1,1
134,79.873,4,3,0,3,0
200,124.798,1,3,4,2,1
23,103.953,8,0,2,1,1
303,187.98,9,2,0,2,0
346,163.12,14,5,2,3,0
302,95.645,9,5,3,1,1
363,83.327,2,4,2,1,1
218,175.306,9,2,3,3,1
141,186.402,7,5,3,1,1
104,35.0,5,4,2,4,0
210,123.714,7,4,4,1,1
111,109.925,13,3,4,1,1
104,145.965,9,1,4,4,1
316,197.707,8,3,1,2,1
171,100.638,6,0,3,2,1
356,37.572,13,5,2,4,0
324,143.16,4,4,4,1,1
133,175.599,13,1,4,3,1
293,107.85,1,5,2,4,0
328,91.799,6,4,3,3,0
127,102.51,3,4,2,2,0
106,154.008,6,3,1,4,0
92,101.822,6,1,1,3,0
287,133.15,14,1,2,1,1
51,121.112,4,5,3,4,0
29,116.985,2,4,4,3,0
296,148.052,9,1,1,4,1
297,100.857,2,1,1,4,0
214,102.777,3,5,3,2,0
267,151.904,10,3,1,2,1
257,80.523,1,2,1,1,0
302,84.791,7,0,3,2,1
101,69.587,1,2,2,2,0
346,153.96,11,1,4,2,1
110,115.791,9,4,4,3,1
182,67.455,11,0,1,4,0
313,154.152,11,0,4,2,1
1,97.778,1,4,2,3,0
319,85.133,5,0,1,4,0
55,112.173,7,4,4,2,1
149,179.149,3,0,0,2,0
309,104.202,9,5,0,4,0
137,143.014,8,5,0,3,0
202,149.083,13,2,0,3,0
313,137.731,3,0,0,1,1
117,170.843,5,3,1,4,0
154,91.715,7,4,3,1,1
291,78.267,12,0,3,3,1
63,77.481,14,5,1,2,1
244,114.221,4,5,1,1,0
25,82.118,5,4,2,3,0
90,125.902,3,3,3,3,0
75,123.08,9,0,0,2,1
294,160.743,10,0,1,4,0
210,131.646,9,3,0,3,0
347,103.354,7,3,3,1,1
17,136.434,10,3,4,2,1
128,78.792,2,5,4,4,0
364,118.474,7,4,1,4,0
251,132.776,7,3,2,4,0
179,125.173,11,4,0,3,0
182,136.603,5,2,1,4,0
152,94.238,9,0,2,3,1
25,166.081,13,0,0,2,0
180,192.887,12,1,3,2,1
198,55.893,11,2,4,4,1
344,71.376,3,3,2,2,0
161,121.723,4,3,0,1,0
177,109.738,1,5,1,1,0
285,195.856,6,2,0,3,0
63,128.791,4,3,1,4,0
150,175.702,1,1,4,3,0
154,38.035,2,4,4,2,1
156,152.567,3,0,0,4,0
49,91.379,9,2,0,3,0
337,90.738,13,0,1,4,1
84,110.066,8,4,1,4,0
361,63.017,7,2,2,3,1
177,137.711,13,4,2,4,0
148,127.629,11,3,2,2,1
118,130.648,12,3,0,1,1
342,155.481,14,3,2,1,1
63,180.591,4,4,0,4,0
189,105.452,1,4,4,1,1
360,139.094,8,4,3,4,0
49,131.72,4,0,4,3,0
327,135.105,3,4,0,2,0
257,135.704,9,3,0,1,1
224,183.62,10,1,3,3,1
141,101.613,4,4,1,2,0
215,58.971,4,1,1,1,1
211,92.085,14,3,1,1,1
318,150.291,9,4,2,2,1
32,120.933,13,0,1,3,0
158,101.296,12,0,2,3,1
285,76.94,11,1,2,1,1
305,128.851,12,5,1,2,1
286,145.78,14,0,1,3,1
144,132.235,2,0,3,2,1
19,109.867,14,0,3,2,1
18,125.866,12,3,2,1,0
257,125.634,5,0,3,2,1
78,127.588,4,2,2,2,0
175,72.628,9,4,0,4,0
194,127.893,12,0,2,2,1
113,102.376,5,5,2,3,0
114,161.625,9,5,3,1,1
222,125.317,11,0,0,1,1
166,153.419,9,0,4,2,1
319,107.929,14,2,4,2,1
132,109.371,2,0,4,3,1
264,179.77,14,0,0,4,0
55,137.453,9,4,1,1,0
359,91.419,3,5,0,4,0
131,155.879,4,2,3,3,0
288,98.668,1,5,2,1,0
266,129.028,14,2,2,3,1
162,193.467,1,5,3,2,0
87,62.749,1,0,3,3,1
55,112.969,9,5,2,2,0
288,136.331,11,5,1,4,0
178,150.588,8,2,1,1,1
349,70.351,5,1,1,1,1
8,58.568,5,2,3,4,0
321,163.63,9,2,2,2,1
313,91.183,3,2,2,1,1
247,89.509,3,3,2,3,0
323,182.01,7,3,0,2,0
255,122.788,9,3,0,1,0
328,123.05,6,2,4,3,1
54,112.808,14,1,0,3,0
249,71.041,2,2,1,1,1
239,147.028,1,0,1,4,0
229,136.378,2,1,1,4,0
67,126.748,14,3,1,1,1
51,115.347,14,5,4,3,1
97,108.307,1,5,1,4,0
92,156.499,10,4,3,4,0
264,114.348,10,1,3,4,1
291,117.438,9,3,3,2,1
96,141.196,10,1,0,4,0
88,128.318,12,1,2,1,1
78,185.691,14,5,4,1,1
288,49.545,13,2,3,2,1
120,131.996,8,0,3,2,1
302,91.776,7,4,1,1,1
165,82.317,3,3,3,2,1
182,101.717,8,1,1,4,0
223,122.187,2,4,1,3,0
311,123.963,2,1,2,3,1
7,59.308,11,5,0,3,0
330,98.357,10,0,1,1,1
263,131.249,3,5,1,2,0
161,84.923,7,4,2,3,0
151,75.409,1,3,1,4,0
85,35.0,8,1,4,4,1
147,93.472,12,0,0,4,0
112,74.015,7,5,4,2,1
36,80.643,4,4,3,3,0
285,109.127,14,5,0,4,0
188,96.007,5,1,3,2,1
82,73.35,10,1,1,4,0
2,35.366,13,3,2,3,1
303,132.092,1,0,4,3,1
197,150.113,4,2,3,3,0
11,104.13,1,5,1,3,0
234,109.369,1,1,4,3,1
195,120.112,10,4,4,4,1
119,183.151,1,5,3,3,0
20,57.292,7,3,1,4,0
261,103.42,7,3,2,3,1
293,51.121,4,1,3,4,0
256,134.493,13,1,4,3,1
222,114.242,12,1,4,4,1
226,128.12,2,2,0,3,0
53,126.125,12,1,1,2,1
355,159.628,3,5,0,4,0
342,141.525,8,5,2,2,0
364,153.22,13,0,3,4,1
280,77.379,8,4,4,4,1
81,167.727,11,1,1,4,0
202,91.105,11,5,4,1,1
158,93.405,6,5,0,3,0
120,130.834,10,5,0,2,0
59,132.077,9,2,3,2,1
215,77.126,11,4,1,4,0
128,113.069,12,3,1,2,1
224,179.529,9,5,3,2,1
209,61.267,4,1,0,2,0
115,179.409,12,5,0,2,0
209,110.332,1,4,0,1,0
14,35.0,1,3,4,4,0
9,65.331,12,2,2,2,1
40,81.461,10,0,0,1,1
237,95.043,5,1,2,1,1
281,115.811,14,0,2,4,1
359,35.0,13,2,1,3,1
201,127.472,2,4,3,3,0
246,77.796,6,4,4,3,1
278,175.621,7,2,2,2,1
235,109.193,1,5,4,4,0
4,157.714,6,2,1,3,0
154,164.414,8,1,0,2,1
29,163.331,12,3,2,4,0
109,97.344,5,0,3,2,0
98,96.832,14,0,1,3,1
215,111.001,12,4,4,3,1
293,145.449,7,5,0,1,0
75,99.572,10,4,4,1,1
326,115.23,6,1,3,4,0
146,130.944,4,2,2,2,1
128,83.804,7,0,3,2,1
341,81.276,10,1,4,3,1
42,113.669,9,4,4,3,1
356,118.967,10,4,3,4,1
41,137.355,10,0,3,1,1
34,146.875,13,4,3,3,0
17,76.037,7,5,0,2,0
165,87.517,12,4,4,3,1
153,81.17,14,3,1,1,1
76,176.498,5,2,0,2,0
87,115.189,7,4,0,1,0
117,120.645,3,3,0,4,0
362,122.311,2,1,1,4,0
342,91.373,11,4,3,1,1
27,182.571,5,5,4,2,0
313,136.441,4,1,2,1,1
287,121.584,5,4,2,3,0
134,75.79,8,0,4,3,1
219,73.523,12,3,1,1,1
168,107.644,4,3,2,3,0
98,92.0,9,0,0,1,1
268,77.302,7,2,2,3,1
237,105.162,10,5,4,1,1
309,111.343,13,3,0,3,0
173,125.671,12,1,2,2,1
190,99.843,7,5,4,2,1
122,79.696,13,3,1,3,0
46,81.083,13,2,4,1,1
64,168.519,8,1,1,3,0
130,69.93,12,5,0,4,0
310,134.527,6,1,4,4,1
363,140.782,8,0,3,1,1
193,115.149,3,4,3,3,0
307,190.713,10,0,3,3,1
181,140.069,10,5,3,2,1
292,193.716,14,4,3,1,1
282,93.957,1,0,1,4,0
29,94.642,6,4,4,4,0
149,141.101,1,3,0,1,0
267,109.541,9,1,3,4,1
296,187.427,14,4,3,1,1
11,133.668,2,3,0,4,0
164,78.217,11,2,0,4,0
113,50.527,2,0,3,1,1
187,116.87,7,2,1,1,1
295,116.435,2,5,0,4,0
232,132.551,10,3,4,4,1
227,168.428,8,2,4,2,1
310,163.165,6,2,1,3,0
98,96.844,14,3,2,1,1
55,68.247,7,1,1,1,1
111,70.635,7,4,3,3,1
152,90.528,6,5,2,2,0
246,105.331,10,5,3,4,1
69,132.202,11,0,4,4,1
312,87.961,9,4,0,2,0
289,131.216,13,0,3,2,1
250,134.482,9,5,4,3,1
36,125.734,7,4,1,3,0
239,74.855,9,2,3,4,1
148,138.713,13,1,4,2,1
227,203.251,10,2,0,2,0
244,129.836,3,1,3,4,0
337,35.0,3,3,4,4,1
365,169.635,1,0,3,4,0
201,91.89,5,0,0,4,0
154,210.629,4,3,3,4,0
73,124.655,2,4,3,3,0
201,52.612,9,3,4,4,1
296,37.412,3,5,2,2,1
17,181.59,8,3,3,1,1
129,164.236,6,1,2,3,0
217,209.041,14,5,1,2,0
61,120.437,13,3,3,1,1
104,117.739,5,0,2,3,0
42,104.691,1,2,1,4,0
25,93.668,4,1,4,3,1
39,104.303,3,1,3,4,0
291,128.699,1,4,4,4,0
131,86.244,12,2,1,4,0
229,53.228,5,1,4,1,1
108,126.395,6,3,4,3,1
172,85.352,2,1,0,4,0
102,35.0,14,1,1,2,1
354,142.103,3,1,4,3,0
12,75.678,11,4,2,2,1
275,146.472,14,1,1,1,1
101,145.514,6,1,0,1,1
44,131.344,4,4,3,3,0
305,219.873,9,5,4,1,1
17,114.478,5,2,2,1,0
330,108.574,4,5,0,3,0
57,147.347,2,0,1,2,1
311,117.782,6,4,4,4,1
303,166.42,10,4,0,3,0
12,69.248,2,1,0,3,0
318,69.913,12,1,2,4,1
80,150.632,13,0,3,2,1
216,73.408,7,1,3,4,1
339,144.364,3,3,3,4,0
264,134.8,9,1,1,2,1
149,92.22,11,1,0,2,0
81,134.687,5,3,1,4,0
215,70.616,8,0,0,4,0
198,80.004,11,3,2,3,1
200,110.512,6,4,2,2,1
25,123.157,14,3,1,1,1
89,107.854,12,2,1,2,1
268,137.325,10,4,2,4,1
143,135.539,8,1,4,4,1
59,181.175,13,4,3,4,0
365,116.189,13,0,3,4,1
26,167.783,11,0,2,1,1
47,156.829,12,3,3,2,1
288,211.759,3,4,4,1,1
266,114.91,3,1,4,1,1
16,103.186,5,0,0,4,0
199,170.308,11,5,1,1,1
282,135.417,10,1,3,4,0
86,171.266,3,5,4,4,0
250,148.672,8,2,1,4,0
270,35.73,10,5,1,1,1
335,135.053,13,0,0,4,0
117,132.449,12,3,1,1,1
7,125.324,14,2,1,2,1
137,114.71,8,4,2,4,0
176,56.314,2,1,0,3,0
328,154.967,12,0,0,3,0
315,134.951,4,2,3,3,0
215,164.078,10,2,1,3,0
82,58.45,13,0,3,3,1
223,140.285,1,4,4,1,1
103,110.614,4,4,1,2,0
273,125.752,12,3,4,1,1
14,111.074,13,5,2,4,0
159,141.744,13,4,1,2,0
152,113.485,11,3,3,2,1
108,77.923,13,5,3,2,1
188,123.457,4,2,1,2,0
301,111.433,10,0,3,3,1
98,116.664,9,4,1,4,0
131,35.0,3,3,0,2,0
293,147.305,2,2,3,2,1
171,107.413,9,4,1,3,0
183,66.074,9,1,1,1,1
364,156.903,1,2,3,1,1
39,145.455,6,4,0,1,0
15,106.907,10,2,3,4,0
4,73.913,8,0,1,1,1
349,127.121,3,0,0,2,0
210,124.924,11,0,4,3,1
161,156.973,9,5,2,3,0
16,102.251,2,1,3,1,1
108,167.797,6,0,1,3,0
311,98.39,1,1,0,2,1
227,66.167,13,0,0,1,1
170,74.709,7,5,4,2,1
34,117.504,3,2,3,4,0
251,117.379,7,4,0,2,0
247,133.114,4,4,4,2,1
269,116.385,9,0,1,2,1
141,159.093,5,4,4,2,1
274,109.556,3,0,3,4,0
96,40.149,8,0,4,1,1
227,115.156,6,3,0,2,0
39,39.729,2,3,0,1,0
302,130.856,3,3,2,3,0
29,162.288,8,1,4,2,1
318,80.551,10,3,1,2,1
245,176.742,7,0,3,3,0
236,153.713,10,5,2,1,1
185,168.259,6,5,4,4,0
272,127.583,14,2,1,2,0
236,80.289,1,3,2,3,0
239,151.233,9,5,0,3,0
266,95.016,3,3,3,2,1
359,124.715,14,2,4,1,1
340,113.146,5,5,1,1,0
65,164.988,7,0,0,2,1
177,149.213,7,1,2,3,0
3,116.777,3,3,3,2,1
142,41.936,4,5,2,4,0
158,94.591,10,5,2,4,0
324,148.169,7,2,1,1,1
146,131.204,8,0,0,4,0
293,59.871,2,4,4,3,0
153,47.736,9,5,1,4,0
193,127.82,7,1,3,2,1
73,77.718,13,2,2,3,0
305,81.568,8,5,3,1,1
344,146.904,6,5,1,1,0
140,168.09,6,2,1,4,0
187,89.972,9,2,4,1,1
293,118.21,4,3,2,2,0
61,117.03,11,5,1,3,0
198,113.432,11,4,3,2,1
295,121.624,5,1,4,2,1
319,150.26,9,0,3,2,1
302,93.043,1,0,2,2,0
344,58.989,4,4,4,3,1
11,187.6,7,2,4,3,1
62,163.577,11,2,4,2,1
333,75.854,9,2,0,2,0
226,125.425,14,5,4,1,1
153,160.428,13,2,3,1,1
199,149.962,11,2,3,3,1
52,138.481,12,5,2,1,1
260,113.191,13,5,1,3,1
59,189.092,10,4,1,3,0
72,128.834,6,3,0,4,0
148,99.402,12,5,4,3,1
349,154.843,8,1,0,1,1
63,123.842,13,2,2,4,0
310,133.992,9,3,2,1,1
243,128.126,10,0,1,3,0
330,139.871,4,4,2,3,0
107,80.862,1,3,4,2,1
226,61.956,14,5,3,3,1
313,177.365,8,2,2,4,0
218,129.983,2,2,0,3,0
241,150.834,11,2,4,2,1
259,49.61,1,3,2,3,0
262,162.667,13,2,2,3,1
5,99.141,7,5,4,3,0
261,87.751,12,3,2,2,1
54,117.465,10,2,3,1,1
47,80.881,9,0,1,3,0
215,119.931,11,0,4,4,1
177,114.546,12,1,0,2,1
9,162.416,12,2,2,4,0
99,180.534,9,2,1,3,0
20,179.261,3,3,0,2,0
241,35.0,6,3,0,3,0
61,82.593,7,2,3,4,1
178,35.0,14,1,1,2,1
338,72.258,10,2,4,1,1
62,94.019,9,5,1,1,0
145,136.422,2,3,1,1,1
216,99.203,8,2,0,3,0
3,100.317,14,3,3,2,1
160,127.271,7,2,3,4,0
227,51.628,4,4,1,4,0
269,86.456,2,3,1,3,0
120,99.858,8,1,2,3,0
89,111.904,11,4,0,4,0
329,123.078,5,5,4,2,1
68,180.026,6,2,4,3,1
357,156.333,14,5,3,2,1
98,89.228,11,3,0,4,0
267,109.547,7,4,3,2,1
105,106.822,10,5,4,1,1
323,99.434,1,1,1,4,0
123,130.901,8,3,0,1,0
29,45.609,4,4,0,4,0
137,155.229,13,5,2,1,1
195,187.742,9,4,1,2,0
226,109.206,1,4,1,4,0
332,108.425,11,5,3,4,1
170,126.282,2,0,0,1,0
9,160.775,14,2,3,2,1
40,107.028,6,3,1,4,0
25,157.358,11,3,2,3,0
261,139.54,10,3,0,1,1
226,214.464,11,4,1,4,0
124,106.854,14,5,2,2,1
38,40.96,1,2,4,2,1
328,62.682,4,1,1,2,1
251,120.477,8,3,4,2,1
176,161.115,10,5,3,1,0
90,93.9,5,2,4,4,1
37,110.763,13,2,1,1,1
316,147.394,9,0,4,1,1
176,81.391,11,5,0,2,0
284,95.549,11,3,1,3,1
81,73.291,6,4,2,2,0
114,167.129,1,2,4,3,0
40,181.667,6,2,0,1,0
301,56.823,6,1,3,2,1
224,114.313,13,0,3,2,1
318,176.29,6,2,4,1,1
349,135.948,8,2,3,2,1
115,100.43,6,4,2,4,0
186,58.154,5,4,1,3,0
323,166.118,11,1,0,3,0
56,134.421,2,5,4,3,0
40,61.081,4,1,3,2,0
354,167.596,14,1,1,4,1
40,55.984,10,4,2,2,1
347,111.181,5,5,3,3,0
237,109.415,10,4,3,2,1
289,184.735,4,0,0,3,0
262,109.558,2,3,2,1,1
216,109.414,7,3,2,3,1
147,65.477,10,0,4,1,1
336,94.384,10,3,0,1,1
168,87.308,2,5,4,1,1
92,89.391,1,4,0,3,0
353,120.251,14,3,2,4,1
59,35.0,5,5,0,3,0
59,59.591,12,4,0,2,1
304,115.559,13,5,0,2,0
169,124.85,1,0,1,4,0
269,110.663,1,1,1,4,0
363,118.368,1,0,2,4,0
45,103.635,6,3,0,1,0
345,119.26,9,4,2,4,0
181,137.366,10,5,1,4,0
170,137.085,13,3,0,4,0
356,92.442,11,3,4,3,1
191,156.604,12,1,1,2,1
155,126.284,1,3,1,2,0
188,169.289,5,1,1,4,0
7,177.315,9,4,0,2,0
133,62.291,14,4,3,3,0
235,85.639,9,5,4,2,1
45,152.542,1,1,4,1,1
314,53.404,8,0,2,3,1
249,176.807,1,4,0,2,0
31,106.245,8,5,1,2,0
23,143.001,1,0,3,3,0
160,115.344,12,4,0,2,0
363,64.304,5,4,0,2,0
158,162.222,8,5,3,4,0
39,230.029,6,5,1,1,0
82,99.4,9,2,0,3,0
356,107.106,1,3,4,4,0
258,35.0,9,3,4,2,1
206,174.06,1,0,3,3,1
77,156.471,10,3,1,3,0
12,50.665,10,0,3,1,1
295,37.405,3,4,0,1,0
224,42.031,1,2,4,3,1
13,145.807,3,2,2,1,1
46,149.8,12,4,3,1,1
155,83.067,11,5,2,2,1
113,139.97,13,1,2,1,1
233,126.355,2,1,4,1,1
17,105.309,2,3,3,4,0
360,158.808,9,5,2,2,1
223,71.803,8,0,0,2,1
354,165.902,1,2,1,3,0
188,90.859,12,3,1,1,1
344,191.261,14,4,4,4,1
365,79.788,4,5,3,4,0
163,105.937,13,2,3,2,1
326,122.343,1,0,1,1,1
74,122.093,1,0,0,4,0
233,139.633,12,1,1,3,1
224,68.573,12,3,1,1,1
319,118.508,4,4,3,1,1
60,125.525,2,2,2,1,1
335,98.89,3,0,0,4,0
222,136.162,11,2,3,2,1
37,66.145,9,4,1,2,0
278,106.942,2,2,2,3,0
196,89.873,4,3,0,4,0
352,107.063,1,1,4,1,1
242,177.881,2,2,0,3,0
324,178.658,5,5,0,3,0
219,170.817,14,1,1,2,1
192,101.51,10,4,1,1,1
17,156.305,1,1,4,1,1
12,124.494,11,2,4,4,1
193,121.824,7,2,4,4,1
22,116.906,4,5,3,4,0
120,190.337,6,0,3,3,0
210,174.634,8,5,1,1,0
306,149.796,13,2,1,2,1
270,113.188,6,1,4,3,1
192,121.582,14,5,3,3,0
175,141.223,2,5,2,2,0
285,99.136,1,0,3,2,1
204,157.533,8,2,1,4,0
164,83.15,8,2,3,2,1
251,135.674,9,4,1,2,0
227,35.0,6,0,4,2,1
7,97.975,12,4,4,2,1
29,203.107,1,4,4,4,0
33,161.448,14,4,2,3,0
134,181.419,9,3,2,1,1
79,93.308,12,4,1,1,0
58,124.151,13,5,0,3,0
26,171.28,14,1,2,1,1
226,145.324,3,5,1,1,0
285,140.343,11,5,3,3,1
4,185.223,6,2,4,1,1
99,78.382,10,3,4,1,1
39,112.63,13,4,4,3,1
271,49.837,10,2,1,1,1
285,76.196,11,0,4,2,1
157,162.967,12,0,2,3,1
75,83.306,14,2,3,4,1
288,149.421,9,1,4,1,1
130,186.339,11,2,1,4,0
175,112.882,13,2,3,1,1
84,140.795,3,3,4,2,1
22,149.732,5,0,0,3,0
27,71.14,13,0,4,4,1
195,95.342,14,4,2,3,0
337,79.854,5,5,3,4,0
236,98.531,10,2,2,1,1
92,148.644,7,2,0,2,0
21,96.192,4,1,0,4,0
303,118.594,11,0,2,4,1
357,78.302,4,1,3,2,1
84,169.057,7,3,0,2,0
262,98.196,9,4,0,2,0
147,180.919,11,1,4,2,1
257,122.437,4,0,1,2,0
58,63.72,4,3,0,3,0
15,113.159,6,2,3,1,1
162,77.489,6,3,3,1,1
163,143.574,7,5,4,4,0
320,109.545,1,1,3,2,1
281,126.528,13,0,4,3,1
280,105.226,11,1,0,3,0
12,97.786,14,2,0,4,0
274,81.055,3,2,0,2,0
271,153.449,9,0,0,1,1
208,113.074,6,5,1,2,0
27,107.412,6,4,1,3,0
72,112.071,5,3,0,2,0
60,92.846,11,3,3,1,1
145,107.546,3,2,4,1,1
93,128.225,11,1,2,4,0
309,78.635,5,1,4,3,1
8,84.426,14,5,2,2,0
79,175.131,1,4,2,2,0
27,105.49,3,1,0,4,0
174,97.938,4,3,2,4,0
50,66.245,5,1,0,4,0
199,154.027,10,4,1,3,0
349,77.763,9,3,3,2,1
181,119.388,4,1,2,4,0
24,51.673,3,3,3,3,0
316,152.727,10,2,0,2,0
46,167.074,1,2,2,1,0
15,139.381,13,5,4,4,0
153,58.621,10,2,1,3,1
222,153.55,6,1,1,2,1
206,86.906,7,4,2,2,0
273,73.161,10,3,1,4,0
236,104.662,8,0,4,4,1
340,103.865,12,2,3,2,1
228,99.798,1,2,4,3,1
9,170.947,12,0,1,1,1
166,200.473,4,0,3,2,1
319,65.235,11,1,4,3,1
214,92.447,5,3,0,4,0
117,125.71,2,2,0,2,0
344,104.451,1,4,3,4,0
72,135.976,8,1,3,1,1
64,156.639,6,1,3,4,1
205,149.975,5,4,0,1,0
209,144.389,13,4,4,4,1
72,186.364,9,5,3,4,0
277,56.442,13,4,0,1,1
274,179.204,11,0,3,4,1
320,103.48,13,2,3,3,1
338,151.405,11,5,3,4,0
95,78.813,2,0,0,2,0
166,83.66,10,5,4,4,0
32,146.485,12,2,0,3,0
11,42.851,8,5,0,2,0
301,159.578,11,0,3,3,1
217,170.399,14,3,2,2,1
289,127.111,10,2,2,4,0
102,125.67,13,1,2,3,1
267,86.655,9,2,0,4,0
214,146.978,1,2,3,2,1
179,133.907,7,2,2,3,0
88,83.14,8,3,1,1,1
41,104.341,3,0,1,3,0
76,113.627,14,1,1,4,0
46,104.288,4,0,4,1,1
160,65.484,13,5,3,1,1
80,147.961,3,5,0,2,0
310,110.26,7,5,0,1,0
86,120.615,9,0,3,1,1
92,96.869,3,4,4,2,1
148,139.011,13,3,3,3,0
161,127.948,6,4,4,4,0
202,168.511,8,5,2,3,0
242,139.224,6,3,2,1,1
353,111.893,2,0,4,4,1
2,90.411,13,5,3,3,1
225,154.638,7,0,2,4,0
289,108.697,2,3,3,1,1
233,113.131,2,0,2,3,0
77,113.121,2,0,3,4,0
116,103.936,11,1,3,4,1
154,113.818,1,4,1,3,0
103,197.048,14,4,4,3,1
194,78.087,11,4,0,1,1
166,87.42,1,2,4,2,1
359,175.373,14,1,3,4,1
90,105.008,7,5,3,3,0
174,101.975,13,5,4,3,1
122,161.395,14,5,3,3,1
143,63.192,14,4,2,4,0
106,152.858,14,4,3,1,1
305,121.825,12,1,4,2,1
360,138.592,5,0,4,4,1
317,137.841,11,4,4,1,1
123,94.881,3,5,1,4,0
9,162.047,1,0,1,4,0
262,97.994,11,4,1,3,0
73,136.354,10,3,1,1,1
359,169.509,6,2,1,3,0
223,175.156,11,4,1,3,0
41,109.315,1,3,1,1,0
204,138.525,9,1,4,3,1
264,105.62,2,3,0,3,0
328,220.152,1,1,1,2,0
178,151.205,12,4,4,1,1
348,123.362,7,1,0,1,1
318,132.502,6,3,1,3,0
84,136.284,6,2,0,3,0
318,137.47,14,0,0,1,1
111,110.4,5,0,2,1,1
251,104.227,11,2,3,4,0
7,113.926,4,5,2,1,0
84,74.412,11,0,0,4,0
208,148.731,4,4,4,3,1
314,87.932,3,5,1,2,0
22,77.602,10,4,3,2,1
3,119.426,8,3,1,4,0
127,114.795,7,3,4,3,0
297,129.985,9,5,3,3,0
188,97.272,1,5,2,3,0
362,104.298,7,5,0,1,1
14,147.685,10,5,4,3,0
12,145.249,4,1,0,1,0
87,143.581,7,5,0,4,0
12,121.359,13,5,1,2,0
25,126.757,12,3,4,4,1
301,129.218,1,4,0,3,0
243,93.758,5,3,2,3,1
122,178.962,3,0,3,4,0
147,173.264,5,1,4,1,1
55,151.77,4,1,1,1,0
238,102.966,2,4,4,1,1
356,141.566,11,5,1,2,0
173,159.135,4,3,3,2,1
221,71.072,3,0,2,3,1
119,187.78,13,3,0,4,0
309,50.424,1,5,4,4,0
183,148.184,12,5,1,3,0
288,178.131,10,2,3,1,1
307,115.477,8,3,0,2,0
300,113.981,5,4,3,4,0
82,146.706,4,3,2,3,0
211,194.075,10,1,0,1,0
150,108.757,12,0,0,1,1
37,88.762,5,4,0,2,0
352,103.049,4,2,1,2,0
312,57.899,3,0,0,3,0
361,155.91,5,0,3,3,1
59,99.437,4,1,1,1,1
131,111.666,1,1,0,1,1
202,156.385,12,1,3,4,0
243,104.924,3,4,3,1,1
35,150.364,10,3,4,3,1
93,78.476,10,0,3,2,1
207,158.349,8,3,2,3,0
353,133.676,7,3,0,4,0
332,116.457,2,1,0,4,0
305,125.236,1,3,0,2,0
350,68.53,3,0,3,3,1
213,124.32,5,0,3,4,0
159,114.333,10,5,0,3,0
24,69.623,11,2,1,4,0
293,93.157,12,4,1,2,0
4,114.83,1,3,2,4,0
220,95.708,3,4,4,3,1
364,35.0,3,4,2,3,0
20,163.056,5,4,0,4,0
152,114.316,3,5,0,1,0
50,35.0,13,4,0,2,0
177,205.399,9,5,4,2,1
96,169.656,1,0,3,4,0
105,106.041,4,3,4,4,1
250,86.3,13,5,2,1,1
117,136.128,13,2,3,2,1
354,128.093,10,4,3,1,1
228,141.684,10,2,2,2,1
66,86.415,4,0,3,4,1
335,163.911,1,0,1,2,0
262,101.062,14,1,2,2,1
295,147.231,2,4,2,2,0
243,88.122,11,1,1,1,1
186,225.926,1,2,4,1,1
246,147.821,6,3,4,2,1
125,235.369,3,1,4,3,1
268,153.104,7,0,3,1,1
131,97.541,5,4,1,4,0
237,153.175,9,2,2,4,0
18,156.023,7,5,2,2,0
40,134.933,4,0,2,4,0
21,145.216,5,5,3,1,1
225,150.469,5,3,3,3,0
355,80.253,11,4,4,3,1
282,77.406,5,3,3,3,1
8,88.231,10,3,4,4,1
100,125.102,9,4,4,2,1
240,111.073,10,4,2,4,0
87,80.977,3,5,3,2,0
298,151.013,6,3,4,3,1
14,131.322,8,2,1,1,0
334,126.757,11,5,1,4,0
2,109.68,9,4,3,1,1
293,104.871,13,0,2,3,1
325,86.347,7,5,2,2,0
41,157.35,12,1,4,1,1
318,91.86,3,2,3,4,0
316,128.376,1,5,1,1,0
111,186.48,4,4,4,1,1
14,106.71,13,4,4,4,0
231,158.428,6,2,0,2,0
84,142.748,3,1,3,4,1
130,132.459,14,5,4,3,1
231,137.214,1,5,1,2,0
326,116.204,6,3,0,1,1
145,121.391,14,0,1,4,0
345,98.075,1,4,2,3,0
28,121.658,9,5,0,4,0
66,96.591,11,5,0,2,0
163,160.226,14,5,4,3,0
229,52.02,12,1,2,1,1
261,139.242,1,0,4,2,1
164,133.463,13,5,3,3,0
301,129.841,6,2,1,2,0
303,160.98,1,4,1,1,0
287,108.555,12,3,4,3,1
10,130.217,7,2,1,4,0
195,51.338,3,4,1,4,0
118,103.387,6,1,3,1,1
270,154.229,7,0,2,3,0
80,66.434,1,0,0,1,1
93,126.39,1,4,4,1,1
266,92.899,13,2,4,2,1
332,115.561,5,3,3,4,0
350,95.293,6,1,3,1,1
361,70.112,9,4,0,2,0
257,135.44,14,1,2,1,1
133,118.016,1,0,4,1,1
276,144.505,13,5,3,1,1
264,151.778,4,5,4,4,0
171,169.01,10,3,1,3,0
1,125.339,8,1,4,4,1
313,170.745,10,4,2,2,0
64,80.969,9,3,2,3,1
284,156.358,13,2,4,2,1
121,138.376,3,5,1,1,0
107,129.324,11,4,2,3,0
175,137.789,2,1,3,2,1
204,81.57,4,3,4,1,1
165,72.13,2,4,1,2,0
305,188.393,1,3,3,2,1
120,113.251,12,3,4,4,1
44,112.68,3,3,1,1,0
312,75.908,7,1,3,4,1
156,60.729,13,4,2,3,1
207,116.467,13,0,4,1,1
108,106.336,1,0,4,4,0
251,120.069,2,1,2,4,0
334,123.486,1,1,0,3,0
130,219.578,8,5,3,2,0
293,106.457,5,3,2,2,0
20,183.198,8,4,4,2,0
282,185.681,3,4,3,3,0
285,150.145,13,2,3,4,1
1,110.595,12,2,0,1,0
119,65.541,7,0,4,3,1
35,139.118,8,2,1,2,0
198,160.752,6,2,0,2,0
245,189.907,13,0,0,1,1
59,82.002,13,5,1,3,0
325,110.259,7,0,1,2,1
161,82.245,14,2,0,3,0
179,94.661,12,4,3,4,0
206,146.576,2,2,2,3,0
12,92.828,8,3,2,4,0
276,87.029,5,3,0,1,0
181,151.88,7,3,3,4,0
242,138.03,1,5,1,4,0
216,134.0,5,1,0,1,1
251,93.885,1,3,4,2,1
299,171.721,12,4,3,1,1
126,120.58,13,5,4,3,0
217,215.208,8,1,4,1,1
306,126.447,4,1,0,3,0
285,35.0,4,3,3,2,1
185,35.0,2,2,4,3,1
39,144.958,5,0,3,1,1
223,172.02,1,2,2,1,1
184,88.647,9,2,4,2,1
178,204.039,5,1,4,1,1
294,186.52,6,1,3,2,1
340,128.422,2,5,2,2,0
151,141.578,10,5,4,1,1
126,155.781,10,1,0,4,0
301,195.6,1,4,3,3,0
308,147.285,4,4,3,4,0
336,127.517,7,0,4,2,1
234,146.892,6,1,2,3,0
8,141.494,10,3,4,4,0
341,156.976,1,5,1,1,0
129,57.199,1,1,4,4,1
264,132.634,8,4,1,3,0
157,138.418,4,1,0,3,0
352,117.086,5,4,3,3,1
358,151.367,13,1,3,3,1
5,196.847,7,3,2,4,0
86,125.529,8,0,4,1,1
175,147.669,10,3,0,1,1
290,184.251,7,4,1,3,0
193,126.463,2,5,2,1,1
311,84.461,14,5,0,4,0
119,144.631,4,2,0,1,0
218,35.0,10,3,1,2,1
114,35.0,12,1,1,1,1
145,133.32,1,0,3,3,1
26,35.0,10,1,4,1,1
136,67.393,9,1,2,1,1
303,104.796,3,3,4,1,1
232,91.143,12,0,2,1,1
76,114.088,3,2,0,2,0
328,164.515,10,1,1,4,0
345,129.539,9,0,1,3,1
302,86.427,10,2,0,3,0
289,174.178,3,1,0,1,0
1,62.846,8,0,2,4,0
147,128.875,2,3,0,1,0
287,58.397,14,5,2,2,1
142,130.093,13,5,4,4,1
53,107.255,3,1,1,4,0
304,163.29,2,1,1,4,0
69,148.828,1,0,1,4,0
361,96.514,2,5,4,1,1
90,88.842,8,1,4,2,1
220,107.396,9,2,3,4,0
192,195.023,13,1,2,3,1
63,184.763,2,5,2,3,0
73,81.269,7,4,3,2,1
161,152.009,5,5,1,3,0
169,50.743,3,2,2,1,1
89,102.106,9,0,2,1,1
176,82.897,6,2,1,2,0
269,162.771,11,4,0,4,0
73,68.371,1,4,0,3,0
245,137.174,5,1,3,3,1
77,120.028,7,1,4,2,1
159,112.982,4,5,2,2,0
324,186.863,8,3,2,3,0
98,190.388,10,2,3,4,0
102,114.224,5,5,3,2,0
132,106.163,9,3,2,1,1
102,59.725,9,5,1,3,0
19,119.83,9,4,1,2,0
82,198.132,1,1,4,2,1
279,114.851,2,1,2,2,1
339,149.15,3,5,2,3,0
365,64.1,14,1,2,1,1
331,102.609,4,0,2,1,1
129,138.499,10,5,3,3,0
344,124.234,9,4,0,2,0
310,152.987,10,5,2,3,0
89,95.893,13,5,0,3,0
213,50.0,6,1,1,2,0
143,164.884,1,4,4,3,0
65,82.554,12,5,1,4,0
76,140.264,9,1,2,1,1
199,138.034,6,2,1,4,0
143,53.45,4,4,3,4,0
316,161.965,14,3,0,4,0
93,97.337,4,0,2,3,0
305,122.202,3,3,3,2,1
224,105.673,7,4,0,3,0
291,184.904,3,5,3,1,0
102,173.74,2,1,1,3,0
267,47.507,10,4,2,3,0
355,210.353,8,0,1,3,1
110,92.868,4,4,4,3,1
330,204.097,8,1,2,4,0
265,109.752,1,3,1,2,0
3,106.363,5,2,2,1,0
85,110.107,13,3,0,1,1
282,103.968,9,1,2,1,1
328,220.976,1,1,2,3,0
304,116.945,11,0,0,1,1
117,107.908,13,4,1,4,0
221,123.08,4,4,2,2,0
154,81.307,6,3,3,3,1
153,183.885,10,2,2,3,0
12,61.157,8,2,1,4,0
133,95.44,14,0,0,1,1
304,157.466,3,1,1,3,0
293,121.694,5,0,4,3,1
300,141.969,7,4,2,4,0
228,181.327,1,5,2,4,0
271,160.152,7,5,0,1,0
43,125.499,13,5,2,2,1
343,203.574,12,1,3,2,1
326,94.867,11,0,3,1,1
302,115.988,8,3,1,2,0
364,118.782,8,4,0,4,0
21,115.903,9,5,4,4,0
107,77.232,6,2,1,4,0
336,56.654,12,0,0,2,1
303,136.688,6,4,0,2,0
117,94.661,2,4,1,3,0
124,196.312,3,2,1,3,0
281,117.098,4,2,2,3,0
292,109.94,4,2,4,2,1
203,163.774,8,5,3,3,0
51,136.088,14,5,2,4,0
271,112.979,1,0,0,2,0
324,94.371,10,2,4,1,1
277,266.308,14,3,4,2,1
141,134.471,4,4,1,3,0
275,163.377,11,2,4,2,1
290,79.082,12,4,4,3,1
334,96.881,13,1,0,3,0
52,204.494,11,1,2,1,1
27,175.877,11,2,4,1,1
157,138.305,4,4,1,4,0
239,104.737,1,1,2,3,1
156,110.639,3,2,1,2,0
291,92.956,5,4,4,1,1
136,73.726,6,2,2,1,1
144,156.954,9,5,4,3,1
106,141.553,9,4,0,2,0
158,149.443,9,1,2,1,1
146,106.524,11,2,1,1,1
2,130.226,1,1,0,2,0
77,102.718,12,2,3,1,1
132,90.908,9,0,1,2,1
90,186.682,13,1,4,3,1
345,124.86,8,1,1,1,1
350,140.298,2,3,3,3,0
263,153.43,13,5,1,2,0
351,125.362,11,1,0,3,0
108,129.625,1,4,1,3,0
74,76.535,1,2,2,3,0
39,84.155,12,0,3,4,1
159,82.087,6,4,1,2,0
71,144.218,9,4,3,2,0
312,122.836,7,4,0,2,0
241,84.159,5,4,2,2,1
298,143.204,11,0,4,2,1
36,141.738,2,3,1,1,0
84,92.201,1,5,0,1,0
263,118.887,2,1,3,1,1
310,141.886,1,4,3,3,0
172,85.666,3,1,0,3,0
173,142.649,6,1,1,2,1
362,132.041,13,4,4,4,1
47,80.032,8,3,1,2,0
141,128.792,3,1,2,1,0
118,134.626,10,2,1,2,1
277,94.96,9,1,2,3,1
214,98.109,10,5,3,2,1
220,79.663,5,4,2,1,1
26,102.04,7,0,4,2,1
9,119.517,8,1,0,3,0
271,98.219,3,3,2,4,0
10,60.604,2,2,1,1,0
121,92.456,2,2,2,2,1
125,103.308,5,0,3,3,1
170,152.674,1,5,2,1,0
72,143.791,2,0,4,1,1
152,153.449,13,5,2,3,0
208,90.439,9,1,4,2,1
49,125.662,7,4,1,2,0
154,35.0,6,3,3,2,1
347,137.157,9,2,0,1,0
293,144.436,7,0,1,4,0
68,105.935,14,3,1,1,1
50,131.817,11,5,0,2,0
152,59.403,5,4,2,1,1
19,87.957,9,2,2,4,0
100,150.618,6,2,2,1,1
60,140.45,6,5,3,3,0
167,103.526,11,4,1,2,0
202,152.454,4,2,4,2,1
345,125.532,13,4,0,2,1
146,99.831,12,2,1,1,1
164,112.687,1,1,2,1,1
242,101.783,5,5,0,1,0
69,72.649,11,4,4,2,1
175,170.267,9,3,1,1,1
49,97.279,13,1,1,2,0
108,86.706,8,3,3,1,1
226,58.826,8,5,1,2,0
161,35.0,5,2,1,3,0
119,148.06,12,3,4,1,1
149,151.744,9,1,4,2,1
150,167.722,3,4,0,3,0
293,114.038,3,0,2,3,1
143,107.12,1,3,4,4,0
160,99.691,9,0,0,1,1
11,103.338,6,5,1,2,0
138,164.792,2,3,0,4,0
78,118.939,8,3,0,1,0
77,135.123,12,4,0,3,0
254,102.32,9,2,0,1,1
258,172.834,9,1,4,2,1
320,43.81,2,1,2,3,1
291,71.179,2,1,0,4,0
263,135.188,13,5,3,1,1
85,190.024,7,2,1,1,1
146,110.996,11,0,1,4,1
323,86.305,4,1,1,1,1
42,160.027,13,0,1,1,1
125,132.948,1,2,1,1,0
167,171.609,8,5,0,3,0
241,68.386,2,2,2,3,0
280,168.467,14,4,3,2,1
188,58.062,3,1,4,1,1
302,108.473,5,5,3,2,1
19,136.511,14,4,4,3,1
68,127.441,3,1,4,1,1
218,162.424,7,2,3,2,1
102,46.934,7,2,0,1,0
42,125.64,14,3,1,1,1
288,167.986,2,3,0,4,0
167,122.372,13,2,1,2,1
109,74.306,13,2,2,3,1
36,160.3,7,0,4,2,1
232,94.068,11,0,3,2,1
229,87.027,6,4,2,2,1
353,81.995,10,3,1,4,0
164,112.053,9,3,0,1,1
73,127.322,13,2,3,3,1
136,69.236,9,2,4,4,1
353,77.454,2,4,2,3,0
70,92.221,7,5,4,4,1
196,81.8,5,5,1,1,0
269,121.47,13,5,4,3,1
49,134.449,6,3,0,2,0
316,128.955,1,0,2,4,0
130,129.013,7,5,2,3,0
5,186.84,6,1,0,1,1
27,136.947,4,4,4,3,0
160,151.359,1,5,0,4,0
149,103.415,9,1,3,1,1
264,157.76,4,5,0,2,0
230,101.506,2,0,4,4,1
200,136.458,8,0,0,4,0
50,65.145,2,5,1,1,0
67,126.649,5,1,0,4,0
300,80.985,11,4,0,3,0
58,157.441,6,1,4,2,1
259,155.035,11,4,3,3,0
342,101.335,13,5,3,1,1
326,201.983,8,4,4,4,1
130,108.565,11,2,4,2,1
215,55.519,1,3,4,1,1
172,88.835,1,3,1,3,0
258,78.234,12,0,2,4,1
102,135.184,4,2,0,4,0
209,70.585,5,3,4,1,1
291,98.431,13,5,4,3,1
354,132.582,13,4,4,4,1
286,125.546,9,4,3,3,0
116,119.494,11,1,4,2,1
264,125.04,14,1,0,4,0
150,105.18,7,4,4,2,1
300,55.85,7,5,0,4,0
36,104.126,8,4,1,1,1
333,138.75,5,1,2,4,0
287,114.523,5,3,3,4,1
303,135.66,1,0,0,3,0
311,96.529,14,1,1,3,1
208,159.773,9,5,2,2,0
106,35.0,6,3,2,2,1
158,125.658,9,3,2,2,0
121,173.955,3,3,0,4,0
55,179.908,5,2,1,4,0
12,110.727,2,2,4,2,1
145,66.952,10,3,1,1,1
136,174.659,5,5,1,1,0
3,117.925,13,4,1,4,0
144,113.641,13,5,0,1,0
30,84.286,13,2,0,1,0
237,70.005,14,1,0,2,1
279,142.555,8,2,1,1,1
348,146.795,11,4,0,1,0
115,128.062,2,0,2,4,0
104,89.438,8,2,0,4,0
118,77.4,4,5,3,4,0
5,62.71,10,5,0,1,1
360,97.578,10,3,0,2,0
248,79.766,1,3,0,3,0
364,51.628,13,3,0,4,0
321,146.054,5,0,3,4,1
121,67.237,13,4,4,4,0
286,159.357,1,1,0,2,0
149,135.763,7,5,2,3,0
84,131.774,8,5,3,3,0
231,186.612,3,4,4,4,0
288,68.568,3,0,0,1,1
161,154.951,7,3,4,4,1
272,108.094,4,4,2,4,0
38,222.843,3,1,3,1,1
226,104.768,8,3,3,1,1
142,98.308,3,1,4,4,1
292,137.021,13,2,0,2,0
151,111.644,14,1,1,2,1
114,89.661,7,3,3,1,1
237,81.189,2,2,1,4,0
66,178.328,11,3,3,2,1
361,73.462,11,5,0,4,0
341,128.924,1,3,0,4,0
258,162.247,12,2,3,4,0
249,164.18,6,1,4,2,1
331,95.934,8,5,0,3,0
323,111.753,1,0,0,4,0
180,103.992,13,0,2,2,1
190,58.599,10,0,0,3,1
154,141.501,12,0,2,1,1
196,121.54,9,4,0,2,0
311,177.623,3,0,0,3,0
262,87.072,3,2,4,2,1
143,163.548,4,0,4,3,1
342,166.369,11,3,0,3,0
316,121.883,1,0,3,2,1
101,35.0,9,1,3,1,1
244,99.497,11,2,0,4,0
12,191.435,3,2,3,3,0
239,131.882,13,5,0,4,0
49,147.736,10,4,4,1,1
42,116.433,4,3,1,4,0
166,111.062,1,2,2,4,0
82,45.306,4,1,3,2,1
291,151.79,13,0,3,2,1
158,163.187,1,2,4,1,1
216,81.966,5,1,3,2,1
158,112.846,5,0,0,3,0
134,107.45,14,4,0,1,1
67,136.806,11,2,1,2,1
336,98.225,7,2,1,2,0
7,157.254,14,1,1,1,1
14,122.853,8,5,0,3,0
73,35.0,4,3,1,1,1
163,137.709,7,4,1,2,1
66,159.854,4,3,0,2,0
347,73.918,3,2,4,1,1
130,136.349,6,3,3,3,0
206,193.198,4,0,2,3,1
276,124.483,14,4,0,4,0
256,165.665,3,3,0,3,0
266,102.314,9,0,2,1,1
25,119.281,5,1,2,3,1
281,111.815,13,3,1,3,0
253,104.515,14,4,2,4,0
310,114.091,7,0,3,3,1
289,54.773,12,3,3,4,1
164,106.765,14,1,3,4,1
95,173.512,6,3,3,3,0
270,81.452,10,0,3,2,1
321,77.355,5,3,1,1,0
110,122.448,7,4,0,1,0
336,124.447,11,2,2,3,1
310,135.099,6,0,0,1,1
238,115.45,10,0,2,1,1
25,122.875,2,0,1,4,0
141,105.965,13,0,1,2,1
117,68.968,13,3,4,1,1
25,117.144,13,4,4,2,1
79,148.984,3,1,1,1,1
68,140.602,2,4,1,2,0
173,50.23,12,0,2,2,1
12,130.077,3,5,1,1,0
288,84.289,1,3,0,4,0
128,175.687,8,5,2,2,0
96,133.051,6,3,1,2,0
92,155.851,13,0,2,1,1
141,120.847,2,3,2,2,1
31,117.358,8,0,3,2,1
334,179.834,6,4,4,4,0
20,158.911,7,2,2,2,0
146,124.714,11,3,2,4,0
316,112.013,1,0,3,2,1
160,51.713,7,5,1,2,0
349,132.983,3,0,2,4,0
43,114.956,11,5,3,4,0
254,142.158,12,3,0,3,0
130,154.313,8,1,3,2,1
60,169.317,6,5,4,4,0
151,133.48,4,0,4,2,1
287,78.146,11,3,1,2,1
5,35.0,8,0,1,2,1
266,87.012,9,1,4,1,1
345,173.34,10,2,4,3,1
130,192.94,2,1,2,1,1
267,110.484,6,4,4,3,1
178,61.562,5,3,1,2,0
253,94.063,5,1,4,2,1
56,165.512,10,2,1,4,0
83,96.359,11,0,0,3,0
99,143.565,3,3,4,3,1
149,126.742,12,5,1,1,0
329,148.4,8,1,3,3,1
156,192.72,14,2,2,2,0
190,143.591,8,1,1,4,0
263,125.877,12,4,4,1,1
80,197.135,5,3,4,4,0
252,133.982,8,0,0,3,0
97,88.282,10,2,3,3,1
260,147.499,8,1,1,1,1
260,137.898,3,3,3,3,0
103,107.684,2,1,0,4,0
40,99.297,9,3,2,2,1
273,108.07,2,4,3,1,1
101,98.724,9,1,0,3,0
359,109.37,4,4,1,4,0
308,86.288,12,5,2,2,1
221,135.446,13,5,4,3,1
308,132.448,2,2,0,1,0
124,133.808,10,4,4,3,1
231,117.505,1,3,2,3,0
178,112.893,4,2,0,3,0
63,177.68,9,1,0,2,0
116,122.696,12,1,2,2,1
191,170.551,9,3,1,3,0
62,80.143,4,0,0,3,0
256,143.567,9,0,2,1,1
7,90.612,12,1,3,3,1
155,97.754,6,3,4,4,0
92,103.524,1,0,0,4,0
14,101.016,10,4,3,1,1
229,101.216,13,1,0,2,1
86,168.691,14,5,1,3,0
133,121.816,6,4,2,1,1
183,129.002,9,3,0,2,0
62,101.714,13,5,2,1,1
219,154.278,2,4,0,2,0
246,134.202,6,0,1,3,1
230,107.643,2,0,1,1,1
79,56.629,4,5,3,3,0
149,128.652,8,2,1,1,1
138,143.027,13,1,2,2,1
314,80.846,7,5,1,1,1
65,108.184,11,3,0,4,0
13,141.486,12,1,1,4,0
213,57.163,13,4,2,1,1
242,94.046,9,3,0,4,0
213,135.076,7,3,3,3,0
181,164.201,1,0,3,4,0
338,207.431,2,4,3,4,0
173,198.346,6,0,0,3,0
160,125.751,7,0,3,3,1
164,100.631,3,2,1,2,0
188,156.925,9,0,0,3,0
191,98.256,13,1,0,1,1
308,89.516,7,3,0,4,0
256,107.789,14,0,4,2,1
183,102.773,6,5,2,3,0
117,136.505,13,1,4,4,1
282,95.904,6,4,4,1,1
196,123.405,1,3,4,1,1
34,183.798,13,5,2,2,0
52,124.886,5,5,4,1,1
112,180.67,10,4,3,4,0
252,168.082,3,5,0,3,0
82,143.682,7,1,0,1,1
232,105.834,10,4,1,3,0
227,161.62,3,5,3,4,0
233,110.001,5,4,2,4,0
221,119.92,7,4,0,3,0
42,133.208,14,0,4,4,1
21,119.785,3,0,1,2,0
42,91.189,13,0,1,1,1
113,58.916,13,5,0,2,0
105,158.365,10,3,3,2,1
192,142.814,2,1,1,2,0
17,51.176,6,5,0,3,0
120,90.129,8,0,3,3,1
129,127.163,4,4,0,4,0
130,137.703,9,5,0,3,0
60,59.262,12,4,3,4,1
48,116.43,12,4,3,3,1
29,141.586,8,4,3,4,0
97,105.94,7,2,0,1,0
10,130.233,14,3,1,4,0
242,100.498,7,1,2,1,1
314,156.368,3,1,2,4,0
232,88.029,14,0,0,3,1
277,74.317,6,2,0,3,0
284,121.157,13,5,1,1,1
203,62.659,13,5,3,2,1
247,35.796,5,1,0,2,0
290,163.349,1,3,4,4,0
264,80.631,11,4,3,3,1
214,66.654,3,0,0,2,0
200,87.53,13,3,4,3,1
79,85.734,12,1,1,3,1
343,114.316,1,2,4,3,0
344,76.261,4,0,0,4,1
173,139.927,10,1,2,1,1
69,145.849,3,5,0,4,0
87,69.0,11,0,2,2,1
101,95.276,4,1,1,1,1
8,99.078,9,5,1,2,1
333,113.4,3,5,3,1,1
200,163.307,12,4,3,1,1
87,165.613,6,2,2,4,0
43,219.955,6,4,2,3,0
109,35.0,7,1,1,3,0
152,83.028,9,3,4,1,1
17,192.56,12,4,2,4,0
133,47.972,7,3,2,2,1
148,191.651,14,5,4,2,1
277,125.894,1,1,3,3,1
232,127.365,8,2,3,3,1
314,68.808,5,3,2,2,0
228,101.953,9,1,3,2,1
139,189.895,10,3,3,4,0
211,118.093,13,4,3,2,1
28,102.22,12,1,1,4,0
51,136.229,5,4,0,3,0
261,112.311,5,0,2,2,1
261,133.806,12,1,2,3,1
350,86.01,12,3,1,1,1
352,116.914,14,0,0,1,1
8,94.357,2,4,0,1,0
320,47.841,12,4,1,2,1
138,139.278,11,3,4,3,1
38,70.649,3,0,4,2,1
111,113.41,10,5,0,3,0
220,157.043,9,2,4,4,1
337,60.087,7,3,4,2,1
223,144.187,1,4,4,1,1
136,108.007,3,1,0,4,0
256,81.339,12,0,4,3,1
360,200.917,2,5,2,2,0
329,119.978,1,2,0,3,0
49,97.276,9,1,1,3,1
292,88.791,8,0,4,2,1
324,155.246,5,5,3,2,0
78,95.518,11,3,0,3,0
105,150.261,12,5,1,3,0
169,119.901,2,3,2,4,0
217,164.648,1,0,1,1,1
119,78.298,7,5,4,3,1
190,83.877,13,2,3,1,1
255,108.76,11,5,4,4,1
266,112.077,11,0,1,1,1
149,105.818,2,1,0,1,0
164,225.258,1,1,3,4,0
140,202.53,2,5,3,3,0
347,131.962,7,5,1,1,1
258,136.679,7,3,4,3,1
269,110.543,10,0,1,3,1
181,78.007,6,3,3,2,1
160,112.717,5,2,1,3,0
351,150.845,3,1,3,3,0
288,172.225,14,4,4,1,1
288,159.828,12,4,0,3,0
226,59.609,3,0,0,3,0
11,108.431,11,0,1,2,1
10,61.245,13,4,3,2,1
271,166.754,12,0,0,1,1
273,103.505,9,1,3,1,1
183,118.116,4,2,4,2,1
153,139.202,9,2,1,2,1
315,230.646,4,3,3,4,0
334,130.731,2,1,1,3,0
124,110.469,4,0,3,1,1
114,70.358,6,0,3,1,1
278,178.346,6,3,4,3,1
213,112.735,5,3,1,3,0
172,186.286,1,0,2,1,1
288,164.225,3,0,3,2,1
174,101.482,5,1,3,2,1
113,64.309,6,3,0,3,0
122,130.903,14,1,1,1,1
32,95.404,1,5,2,3,0
222,121.574,14,0,4,2,1
119,161.962,14,4,2,4,0
39,53.857,9,4,4,4,1
268,130.585,14,5,2,2,1
233,150.384,3,0,2,3,1
18,152.324,10,3,1,4,0
149,65.458,13,4,0,2,0
149,136.773,3,3,2,1,1
126,168.141,11,4,3,3,0
302,133.729,2,3,3,3,0
360,115.372,8,4,3,4,0
238,165.585,13,3,0,3,0
135,92.227,3,5,2,4,0
151,58.807,6,1,4,4,1
236,111.976,2,3,4,2,1
224,141.402,7,1,1,4,0
203,161.557,13,1,0,1,1
256,141.22,4,0,2,3,1
86,153.433,9,5,3,4,0
150,161.812,14,1,0,3,0
235,106.425,10,2,0,4,0
345,114.082,9,1,2,2,1
22,171.487,7,3,1,1,0
348,71.594,12,1,1,3,1
285,137.165,8,3,1,2,0
269,91.332,3,3,3,3,0
258,164.01,11,2,3,2,1
29,119.283,5,1,2,1,0
213,120.304,2,1,1,4,0
283,189.155,10,4,2,2,1
50,76.958,7,4,1,3,0
95,128.633,13,0,0,3,0
88,112.795,8,3,4,2,1
44,141.296,9,2,4,1,1
278,197.173,11,4,1,1,1
171,95.79,11,1,2,4,1
189,72.104,7,0,3,4,1
353,87.627,10,2,1,3,0
184,110.687,10,5,1,3,0
3,122.569,13,1,3,4,1
191,124.581,8,1,1,4,0
118,192.106,12,5,0,4,0
19,184.994,9,3,3,2,1
23,172.118,6,3,0,4,0
30,220.578,12,4,4,2,1
295,152.964,12,4,3,2,1
108,164.334,10,1,3,4,1
281,152.191,2,1,2,1,1
128,145.636,2,4,2,1,1
229,135.776,4,5,3,3,0
111,104.126,9,4,4,4,1
136,70.129,7,1,1,3,0
362,114.774,2,2,2,4,0
186,142.631,8,1,4,3,1
144,122.89,11,2,4,2,1
72,77.387,7,2,2,4,0
129,113.365,9,1,1,1,1
364,111.28,8,0,2,4,1
261,117.506,3,4,4,3,0
3,139.637,1,3,0,3,0
104,148.25,2,1,2,3,0
224,99.998,14,2,4,3,1
320,159.245,13,1,2,3,1
362,165.266,2,4,4,3,0
354,132.812,4,5,1,1,0
10,146.59,6,2,4,3,1
302,159.369,4,3,3,1,1
231,76.094,9,3,0,4,0
219,162.189,4,3,4,2,1
66,88.398,6,5,2,1,0
112,92.292,6,0,2,4,1
13,127.852,10,2,4,2,1
86,35.0,11,5,3,1,1
234,127.025,10,2,4,1,1
90,159.271,1,5,1,4,0
314,54.163,8,5,3,3,1
54,163.56,12,0,4,1,1
12,92.048,3,2,0,1,0
209,128.274,13,5,3,4,0
14,97.857,6,0,4,3,1
121,142.917,3,1,0,2,0
20,160.998,11,4,4,3,1
75,145.88,2,5,1,3,0
243,119.841,5,3,2,4,0
223,100.966,14,0,4,3,1
70,117.228,1,0,3,4,0
312,146.239,9,5,4,2,1
211,147.611,11,0,4,1,1
101,142.033,7,1,4,1,1
186,68.697,3,0,4,4,1
132,119.079,4,4,3,4,1
111,94.663,13,4,3,3,1
132,146.597,6,3,4,3,1
20,89.401,3,1,2,1,1
24,138.082,12,4,4,1,1
227,108.712,7,5,3,1,1
154,44.836,13,2,1,4,1
293,157.238,6,2,4,2,1
230,118.989,9,2,4,2,1
310,171.039,12,5,4,4,0
359,53.388,5,0,4,3,1
202,108.339,4,5,0,2,0
38,111.344,3,0,4,3,1
260,130.808,10,2,3,1,1
188,66.993,1,3,3,1,1
57,141.762,3,3,0,3,0
20,196.466,3,0,4,1,1
273,138.981,7,2,2,4,0
119,123.715,7,5,4,3,1
71,64.902,13,3,3,3,1
4,89.03,12,0,1,3,0
221,117.766,1,5,1,2,0
14,98.809,3,2,2,3,0
3,161.05,13,1,4,3,1
216,141.348,8,2,0,3,0
229,227.695,9,2,4,2,1
336,80.766,7,5,2,1,1
186,121.325,7,5,2,2,0
55,64.66,12,4,2,4,0
254,35.0,11,4,1,3,0
24,148.909,8,5,4,4,0
162,139.865,6,5,4,2,1
158,85.816,11,1,0,1,1
82,123.721,3,1,2,1,1
159,94.829,1,2,2,3,0
188,100.232,7,3,3,1,1
60,107.189,1,1,3,2,1
305,84.137,1,2,1,2,0
319,91.334,9,0,4,1,1
211,92.463,13,4,0,3,0
152,136.915,10,3,0,3,0
109,35.0,7,2,2,2,1
76,110.895,13,5,0,1,1
30,76.493,11,0,2,2,1
314,77.938,13,4,4,2,1
117,98.974,4,0,0,4,0
356,119.426,6,2,2,2,1
192,111.424,1,1,4,3,1
19,77.438,7,4,4,1,1
173,148.868,12,0,2,1,1
228,83.896,6,1,2,4,0
350,90.612,4,3,1,4,0
183,131.38,7,2,4,3,1
113,132.815,3,2,2,4,0
183,95.532,1,4,4,2,0
146,35.0,4,0,0,2,1
319,84.58,3,3,3,3,0
116,126.476,1,5,3,1,1
113,147.544,2,4,2,3,0
251,116.828,11,5,2,4,0
251,100.841,5,4,4,1,1
303,211.728,8,0,2,1,1
313,105.101,1,3,4,1,1
118,144.489,4,0,2,4,0
301,66.598,14,2,4,2,1
161,76.393,4,5,2,2,0
198,145.893,5,1,1,4,0
260,161.782,7,2,4,4,1
148,104.411,13,2,1,3,0
240,46.055,12,5,1,3,0
47,113.298,8,4,1,2,0
198,127.576,6,2,1,4,0
47,123.953,1,3,0,3,0
78,97.464,7,2,3,4,0
124,113.885,3,3,0,4,0
75,90.009,13,0,2,2,1
359,75.526,13,4,2,2,1
137,150.227,13,3,3,4,0
90,123.912,6,2,3,1,1
325,113.973,8,4,3,1,1
61,99.714,7,4,1,4,0
138,112.793,10,3,0,2,0
50,126.413,6,3,2,1,1
259,189.147,9,1,0,2,1
107,146.181,9,1,0,1,0
113,93.348,1,4,0,4,0
350,93.769,1,5,3,3,1
254,87.533,1,5,3,3,0
118,111.979,8,1,2,2,1
198,87.502,12,2,2,2,1
337,138.993,13,0,2,1,1
365,35.0,14,4,0,4,0
51,141.407,12,0,3,1,1
245,131.015,14,1,1,4,0
35,170.51,10,3,0,4,0
302,155.072,7,4,4,2,1
69,92.652,3,1,0,3,0
349,150.572,13,2,3,3,1
320,113.277,2,4,4,2,1
49,42.628,4,4,0,3,0
74,126.353,3,5,3,2,0
192,95.03,7,3,3,1,1
261,120.009,10,4,1,4,0
356,186.058,8,3,0,3,0
70,128.991,6,1,3,3,1
90,79.307,3,2,2,1,1
260,158.577,6,2,3,1,1
126,134.502,2,4,1,3,0
231,74.594,12,4,3,3,1
295,55.75,7,1,0,2,0
129,80.906,14,5,0,2,0
280,153.452,11,5,4,3,1
313,107.936,10,5,0,2,0
100,123.246,14,3,4,1,1
326,66.459,7,5,2,4,0
297,154.529,4,2,1,2,0
182,39.393,13,3,2,4,1
174,93.785,8,1,4,2,1
316,136.739,4,2,3,3,1
364,75.095,7,2,3,2,1
188,144.565,4,0,2,4,0
57,85.232,13,1,3,4,0
31,70.957,12,1,4,3,1
84,171.459,5,0,1,4,0
152,126.157,7,3,0,3,0
36,140.761,13,5,4,3,1
213,160.728,14,5,4,4,0
364,35.0,14,5,0,1,1
106,145.391,13,5,0,4,0
342,89.559,10,5,1,4,0
220,94.829,3,0,1,2,1
163,137.498,10,1,1,4,1
220,105.478,5,3,3,2,1
270,143.781,11,2,4,2,1
120,118.366,14,5,0,4,0
336,126.728,3,0,4,3,1
182,100.391,5,3,4,1,1
106,77.403,14,3,1,4,0
217,90.387,3,3,1,4,0
205,115.887,11,0,4,3,1
70,193.49,10,2,1,2,0
44,178.876,11,5,3,3,0
329,93.868,7,3,0,3,0
301,122.41,13,0,4,2,1
228,108.491,1,1,0,4,0
184,125.211,9,0,3,3,1
107,130.357,9,0,1,3,1
84,141.101,5,0,2,4,1
338,35.0,9,3,3,4,1
250,134.66,10,0,2,1,1
363,104.043,13,1,0,3,0
21,91.802,6,3,4,1,1
196,151.77,5,1,1,2,0
178,178.673,13,4,3,4,0
7,147.56,3,0,1,4,0
70,99.258,11,5,2,1,1
127,76.96,11,5,2,3,0
160,35.0,8,3,4,2,1
248,127.301,4,5,2,3,0
203,143.161,10,3,4,3,1
148,115.925,13,0,3,1,1
143,157.35,13,2,4,3,1
199,67.192,3,2,2,1,1
154,113.15,13,1,0,4,0
142,109.988,6,0,4,4,1
313,115.596,8,5,1,4,0
165,166.717,13,0,0,2,0
314,115.806,9,4,4,2,1
21,108.208,14,2,1,3,0
82,82.532,6,5,0,1,0
69,173.143,5,2,4,3,1
131,62.752,12,0,3,4,1
87,97.88,11,5,1,3,0
218,187.757,2,1,3,3,0
305,138.73,2,0,2,3,0
345,119.193,9,1,4,4,1
341,120.868,2,5,4,1,1
161,82.145,2,2,1,3,0
178,117.259,3,4,4,4,0
117,106.005,3,3,2,2,0
196,127.185,4,2,4,1,1
327,59.75,7,1,0,4,0
86,135.914,9,0,3,3,1
289,160.665,2,5,2,4,0
81,111.847,4,2,2,1,1
152,145.884,9,4,3,3,0
61,132.414,14,5,3,2,1
61,95.69,2,1,2,2,1
354,77.659,10,5,3,2,1
28,83.264,11,5,1,4,0
43,131.716,13,0,3,1,1
169,117.754,1,3,0,2,0
86,171.004,10,1,0,3,0
177,151.635,8,0,1,3,0
17,151.551,9,3,3,3,1
98,130.523,7,0,0,4,0
198,81.512,8,3,4,1,1
98,133.014,4,3,3,1,1
65,122.554,4,3,1,2,0
330,74.465,13,0,3,1,1
341,168.398,2,5,2,3,0
5,164.092,8,3,2,3,0
2,74.234,11,5,0,4,0
22,94.488,2,1,2,3,0
112,98.002,9,4,1,1,0
57,144.394,14,5,0,3,0
66,139.789,4,4,1,2,0
330,121.776,1,3,1,4,0
98,130.954,13,4,2,4,0
144,68.495,4,4,2,1,1
125,135.254,3,3,1,3,0
167,115.965,12,5,2,3,0
86,92.838,6,3,2,1,1
76,58.7,7,1,2,1,1
344,121.078,8,2,3,2,1
294,134.278,2,0,1,1,1
59,51.901,6,3,4,3,1
138,120.739,6,3,1,2,0
99,124.89,10,4,0,4,0
192,97.831,12,1,2,3,1
243,135.194,5,4,2,4,0
319,114.694,10,5,4,4,0
49,131.327,10,3,0,4,0
32,141.37,7,3,3,3,0
277,141.392,3,4,1,4,0
20,160.673,4,3,3,3,0
154,133.533,10,5,0,4,0
68,100.918,13,2,4,1,1
214,94.088,9,0,0,1,1
143,77.468,4,0,4,3,1
232,126.047,3,0,3,4,0
213,172.852,14,2,3,4,1
79,105.662,2,3,0,4,0
214,137.984,5,4,0,1,0
116,89.909,4,1,2,4,0
92,127.792,13,3,4,4,1
270,170.374,13,2,2,3,1
168,147.45,8,5,1,4,0
58,57.168,7,2,1,1,1
284,142.828,6,0,0,4,0
26,144.649,11,3,3,1,1
66,126.939,12,0,1,1,1
248,146.701,2,1,1,2,0
254,86.66,3,5,2,1,0
44,122.531,10,0,2,2,1
97,164.407,9,1,1,2,0
42,160.798,13,2,0,4,0
227,141.922,9,0,2,2,1
262,84.68,5,0,1,3,0
167,78.381,14,4,3,1,1
279,124.582,3,5,2,3,0
89,127.231,2,5,1,2,0
178,115.985,8,2,4,4,1
197,87.809,6,4,2,1,1
307,137.478,10,1,4,3,1
267,124.407,11,1,2,4,1
268,131.593,12,2,2,2,1
74,143.737,7,5,4,4,0
8,109.054,1,1,0,3,0
297,100.45,1,2,1,4,0
164,164.303,10,1,0,3,0
85,89.706,2,3,0,4,0
72,101.233,10,0,1,1,1
55,169.37,3,5,3,4,0
47,98.119,12,3,0,1,1
238,116.055,1,2,0,3,0
104,103.521,14,2,0,1,1
210,48.671,5,3,3,4,0
42,115.068,3,0,2,1,1
316,79.575,1,0,4,3,1
268,130.183,8,4,4,4,0
263,164.226,12,1,3,1,1
336,35.0,11,4,0,1,1
365,103.723,6,0,4,2,1
259,138.093,9,3,3,1,1
283,35.0,3,1,1,2,1
114,173.451,9,3,4,3,0
363,135.196,9,4,1,2,0
40,163.329,12,2,0,3,0
220,97.442,13,3,4,1,1
129,102.267,12,4,3,1,1
8,113.563,1,4,2,2,0
101,205.528,3,4,4,3,0
176,172.724,6,2,4,1,1
107,125.294,8,2,4,2,1
101,130.176,4,2,4,2,1
260,145.396,5,1,3,2,1
246,215.662,9,2,3,1,1
275,135.309,6,2,2,3,0
32,121.838,12,2,3,1,1
137,106.456,7,3,3,4,0
12,129.397,7,2,0,4,0
302,96.519,4,1,0,1,0
16,139.844,4,4,1,3,0
129,62.696,4,3,2,2,0
63,109.58,14,0,0,4,0
109,149.385,11,2,2,4,0
21,134.765,5,4,2,1,1
158,101.495,5,4,4,4,0
269,110.719,8,3,2,4,0
162,161.413,9,0,4,2,1
260,71.584,2,5,1,2,0
102,71.816,11,1,1,3,0
223,82.815,7,5,1,4,0
59,119.573,1,4,4,3,0
247,65.73,1,5,4,3,1
128,158.12,4,4,1,2,0
283,83.028,10,5,4,2,1
325,128.974,7,4,3,1,1
25,96.837,2,4,3,2,1
131,117.38,11,3,4,3,1
353,55.866,2,0,4,4,1
196,160.053,1,4,0,3,0
281,81.54,10,1,0,3,1
154,77.351,2,1,2,3,0
133,215.16,13,2,2,2,1
227,142.172,7,4,2,3,0
189,158.497,9,4,1,1,0
265,138.356,6,4,3,4,0
134,101.901,10,5,1,2,0
211,67.726,2,4,4,3,1
60,108.047,12,4,0,1,0
364,80.874,10,1,4,4,1
364,83.275,10,0,4,3,1
213,56.673,13,0,0,4,0
216,124.579,9,2,4,2,1
226,182.936,7,1,2,2,1
131,142.325,11,4,0,1,0
76,115.768,1,0,4,2,1
286,118.377,12,3,2,1,1
277,35.0,9,3,2,3,1
156,103.047,2,3,3,4,0
248,62.933,4,4,2,2,1
218,125.377,9,4,1,4,0
190,109.601,4,2,0,4,0
163,85.228,3,2,0,3,0
180,124.476,1,2,0,3,0
34,124.131,7,5,4,2,1
41,180.745,6,3,4,3,0
307,147.457,10,4,1,4,0
338,128.679,4,3,2,1,1
314,82.099,6,2,4,1,1
75,77.062,6,4,2,1,1
279,143.954,13,1,2,2,1
176,111.997,4,0,4,3,0
150,129.975,14,0,4,3,1
273,159.12,13,2,1,3,1
325,59.474,6,3,3,3,0
108,175.881,10,1,0,4,0
139,158.775,11,4,4,1,1
350,37.822,8,3,4,4,1
271,214.124,13,2,2,2,1
347,132.855,3,3,3,1,1
289,100.858,4,2,4,1,1
212,140.762,10,5,3,4,0
272,80.901,13,0,0,2,1
66,141.845,12,0,2,2,1
248,88.26,14,3,1,1,1
156,200.814,1,1,0,3,0
47,122.404,4,4,3,2,0
201,145.993,11,2,3,4,0
148,88.557,10,4,0,2,1
124,152.66,10,0,3,1,1
1,119.497,12,1,1,3,0
247,63.526,14,1,1,2,1
343,110.449,9,4,3,1,1
128,197.244,8,0,3,2,1
191,154.359,11,4,1,3,0
67,104.841,4,3,3,4,0
4,45.233,12,1,4,1,1
303,86.7,7,1,2,1,1
294,63.741,10,3,4,3,1
143,46.2,3,0,3,1,1
191,151.424,9,1,3,3,0
21,122.495,10,5,2,1,1
227,191.804,4,5,3,3,0
313,80.094,2,5,2,2,0
117,119.909,10,2,1,2,0
302,64.233,5,2,2,2,1
142,96.205,2,0,2,1,1
39,111.116,14,3,4,3,1
355,105.014,10,4,3,3,0
252,122.142,6,0,1,4,0
333,158.864,11,4,0,2,0
207,154.657,10,0,2,4,0
210,89.227,1,2,0,2,0
115,118.786,14,5,3,4,0
225,151.764,6,3,2,2,0
134,161.429,4,2,0,3,0
251,93.554,3,3,4,2,1
219,148.327,2,4,0,1,0
91,133.246,7,0,4,2,1
354,77.36,9,1,1,2,0
46,152.006,12,1,3,3,1
38,126.062,3,3,0,1,0
142,50.344,6,5,2,3,0
100,108.246,9,5,3,4,0
328,121.594,2,3,0,4,0
190,95.767,7,2,2,1,1
35,169.129,5,1,2,4,0
147,170.579,5,2,2,1,1
30,104.7,11,4,2,2,1
334,100.311,7,1,0,4,0
84,114.751,9,4,1,2,1
281,111.997,4,0,4,3,1
344,96.3,9,2,4,4,1
270,35.0,14,3,4,3,1
154,190.192,13,1,1,3,1
102,120.017,11,2,2,1,1
215,112.868,10,3,2,3,1
150,133.007,9,0,3,1,1
83,116.798,13,1,4,1,1
110,102.787,4,4,4,1,1
275,79.774,3,0,2,1,1
201,46.455,2,5,4,1,1
284,65.825,9,3,2,2,1
173,75.333,12,1,2,1,1
327,146.037,2,1,2,4,0
206,148.985,6,0,0,1,1
63,84.728,5,1,0,2,0
73,35.0,14,3,0,4,0
251,120.365,5,0,0,4,0
124,103.138,4,4,1,2,0
121,102.15,6,0,3,4,1
275,158.237,5,0,3,2,1
120,125.546,11,4,2,3,0
317,80.945,4,5,4,3,0
164,71.743,13,3,0,1,1
286,109.496,9,5,3,1,1
265,83.743,13,5,3,1,1
320,117.104,6,5,0,1,0
161,161.046,11,2,1,2,1
308,64.809,10,5,1,3,0
89,123.511,10,2,3,2,1
142,156.602,13,4,1,4,0
203,116.553,10,3,0,4,0
309,148.863,13,5,3,4,0
227,108.509,3,1,0,4,0
334,126.833,10,4,1,4,0
222,137.631,6,2,0,3,0
41,97.12,14,3,1,2,1
196,199.627,1,0,1,4,0
68,143.103,5,3,0,1,0
264,172.119,10,3,1,3,0
2,162.841,6,5,2,1,0
361,133.092,11,5,0,3,0
125,175.432,8,2,2,3,0
110,127.517,11,2,0,1,1
86,90.809,9,5,1,1,1
120,120.593,11,5,1,4,0
127,79.753,3,1,3,1,1
255,35.932,2,1,3,2,1
183,85.898,13,4,2,3,0
16,122.915,4,5,1,3,0
62,162.477,8,0,3,4,1
158,85.779,11,1,1,3,1
268,160.406,8,2,0,1,1
35,71.573,3,3,3,3,1
267,83.219,4,4,2,3,0
64,177.966,3,1,3,1,1
50,121.905,10,3,1,1,1
255,113.055,2,3,4,3,0
149,129.411,4,1,4,2,1
325,71.744,6,0,1,1,1
304,106.766,11,0,0,2,1
276,120.106,14,4,3,2,1
357,169.255,11,0,4,4,1
172,53.183,5,4,0,2,0
201,190.52,3,2,1,4,0
324,115.014,2,1,0,2,0
35,75.578,9,3,1,4,0
216,68.335,1,4,3,1,1
65,130.926,9,0,0,3,0
8,66.112,1,4,3,3,0
301,97.595,14,5,0,4,0
343,110.004,7,4,1,1,1
332,165.747,6,0,1,4,0
76,160.738,7,5,0,4,0
174,94.28,3,5,1,1,0
47,111.493,14,0,2,2,1
15,56.185,3,5,2,2,0
361,38.436,13,1,3,1,1
147,70.838,11,3,2,4,0
26,164.924,1,1,2,3,0
308,151.203,4,1,4,4,1
93,135.337,12,0,4,2,1
232,61.695,2,0,4,1,1
21,91.534,10,3,4,1,1
307,85.687,8,4,1,1,1
38,113.36,3,1,3,2,1
276,110.838,7,5,3,4,0
157,79.922,7,3,2,1,1
